,house,title,first_name,last_name,constituency,prov_territory,political_affiliation,start_date,name,screen_name
1,commons,,Ziad,Aboultaif,Edmonton Manning,Alberta,Conservative,9/20/21 0:00,Ziad Aboultaif,ziad_aboultaif
2,commons,,Yvonne,Jones,Labrador,Newfoundland and Labrador,Liberal,9/20/21 0:00,Yvonne Jones,YvonneJJones
3,commons,,Yves,Perron,Berthier?”MaskinongÃ©,Quebec,Bloc QuÃ©bÃ©cois,9/20/21 0:00,Yves Perron,yvesperronbq
4,commons,,Yvan,Baker,Etobicoke Centre,Ontario,Liberal,9/20/21 0:00,Yvan Baker,Yvan_Baker
5,commons,,Yves,Robillard,Marc-AurÃ¨le-Fortin,Quebec,Liberal,9/20/21 0:00,Yves Robillard,YRobillardPLC
6,commons,,Yves-FranÃ§ois,Blanchet,Beloeil?”Chambly,Quebec,Bloc QuÃ©bÃ©cois,9/20/21 0:00,Yves-FranÃ§ois Blanchet,yfblanchet
7,commons,,Yasir,Naqvi,Ottawa Centre,Ontario,Liberal,9/20/21 0:00,Yasir Naqvi,Yasir_Naqvi
8,commons,,Ya'ara,Saks,York Centre,Ontario,Liberal,9/20/21 0:00,Ya'ara Saks,YaaraSaks
9,commons,,Xavier,Barsalou-Duval,Pierre-Boucher?”Les Patriotes?”VerchÃ¨res,Quebec,Bloc QuÃ©bÃ©cois,9/20/21 0:00,Xavier Barsalou-Duval,XBarsalouDuval
10,commons,,Wilson,Miao,Richmond Centre,British Columbia,Liberal,9/20/21 0:00,Wilson Miao,WilsonMiaoRC
11,commons,,Len,Webber,Calgary Confederation,Alberta,Conservative,9/20/21 0:00,Len Webber,Webber4Confed
12,commons,,Wayne,Long,Saint John?”Rothesay,New Brunswick,Liberal,9/20/21 0:00,Wayne Long,WayneLongSJ
13,commons,,Warren,Steinley,Regina?”Lewvan,Saskatchewan,Conservative,9/20/21 0:00,Warren Steinley,WarrenSteinley
14,commons,,Viviane,Lapointe,Sudbury,Ontario,Liberal,9/20/21 0:00,Viviane Lapointe,VivianeLapointe
15,commons,,Arif,Virani,Parkdale?”High Park,Ontario,Liberal,9/20/21 0:00,Arif Virani,viraniarif
16,commons,,Vance,Badawey,Niagara Centre,Ontario,Liberal,9/20/21 0:00,Vance Badawey,VBadawey
17,commons,,Adam,van Koeverden,Milton,Ontario,Liberal,9/20/21 0:00,Adam van Koeverden,vankayak
18,commons,,Valerie,Bradford,Kitchener South?”Hespeler,Ontario,Liberal,9/20/21 0:00,Valerie Bradford,ValBradfordMP
19,commons,,Ryan,Turnbull,Whitby,Ontario,Liberal,9/20/21 0:00,Ryan Turnbull,TurnbullWhitby
20,commons,,Denis,Trudel,Longueuil?”Saint-Hubert,Quebec,Bloc QuÃ©bÃ©cois,9/20/21 0:00,Denis Trudel,trudel_denis
21,commons,,Tracy,Gray,Kelowna?”Lake Country,British Columbia,Conservative,9/20/21 0:00,Tracy Gray,TracyGrayKLC
22,commons,,Tony,Van Bynen,Newmarket?”Aurora,Ontario,Liberal,9/20/21 0:00,Tony Van Bynen,TonyVanBynen
23,commons,,Tony,Baldinelli,Niagara Falls,Ontario,Conservative,9/20/21 0:00,Tony Baldinelli,Tony_Baldinelli
24,commons,,Tom,Kmiec,Calgary Shepard,Alberta,Conservative,9/20/21 0:00,Tom Kmiec,tomkmiec
25,commons,,Todd,Doherty,Cariboo?”Prince George,British Columbia,Conservative,9/20/21 0:00,Todd Doherty,ToddDohertyMP
26,commons,Hon.,Tim,Uppal,Edmonton Mill Woods,Alberta,Conservative,9/20/21 0:00,Tim Uppal,TimUppal
27,commons,,Tim,Louis,Kitchener?”Conestoga,Ontario,Liberal,9/20/21 0:00,Tim Louis,TimLouisKitCon
28,commons,,Jagmeet,Singh,Burnaby South,British Columbia,NDP,9/20/21 0:00,Jagmeet Singh,theJagmeetSingh
29,commons,,Terry,Sheehan,Sault Ste. Marie,Ontario,Liberal,9/20/21 0:00,Terry Sheehan,TerrySheehanMP
30,commons,,Terry,Duguid,Winnipeg South,Manitoba,Liberal,9/20/21 0:00,Terry Duguid,TerryDuguid
31,commons,,Terry,Dowdall,Simcoe?”Grey,Ontario,Conservative,9/20/21 0:00,Terry Dowdall,TerryDowdall
32,commons,,Terry,Beech,Burnaby North?”Seymour,British Columbia,Liberal,9/20/21 0:00,Terry Beech,terrybeech
33,commons,,Taylor,Bachrach,Skeena?”Bulkley Valley,British Columbia,NDP,9/20/21 0:00,Taylor Bachrach,taylorbachrach
34,commons,,Taleeb,Noormohamed,Vancouver Granville,British Columbia,Liberal,9/20/21 0:00,Taleeb Noormohamed,Taleeb
35,commons,,Tako,Van Popta,Langley?”Aldergrove,British Columbia,Conservative,9/20/21 0:00,Tako Van Popta,takovanpopta
36,commons,,Sylvie,BÃ©rubÃ©,Abitibi?”Baie-James?”Nunavik?”Eeyou,Quebec,Bloc QuÃ©bÃ©cois,9/20/21 0:00,Sylvie BÃ©rubÃ©,SylvieFBerube
37,commons,,Sukh,Dhaliwal,Surrey?”Newton,British Columbia,Liberal,9/20/21 0:00,Sukh Dhaliwal,sukhdhaliwal
38,commons,Hon.,Steven,MacKinnon,Gatineau,Quebec,Liberal,9/20/21 0:00,Steven MacKinnon,stevenmackinnon
39,commons,,Stephanie,Kusie,Calgary Midnapore,Alberta,Conservative,9/20/21 0:00,Stephanie Kusie,StephanieKusie
40,commons,,StÃ©phane,Lauzon,Argenteuil?”La Petite-Nation,Quebec,Liberal,9/20/21 0:00,StÃ©phane Lauzon,stephanelauzon5
41,commons,Hon.,Diane,Lebouthillier,GaspÃ©sie?”Les ÃŽles-de-la-Madeleine,Quebec,Liberal,9/20/21 0:00,Diane Lebouthillier,stephanelauzon5
42,commons,Hon.,Dan,Vandal,Saint Boniface?”Saint Vital,Manitoba,Liberal,9/20/21 0:00,Dan Vandal,stbstvdan
43,commons,,Soraya,Martinez Ferrada,Hochelaga,Quebec,Liberal,9/20/21 0:00,Soraya Martinez Ferrada,SorayaMartinezF
44,commons,,Sophie,Chatel,Pontiac,Quebec,Liberal,9/20/21 0:00,Sophie Chatel,SophieChatel1
45,commons,,Sonia,Sidhu,Brampton South,Ontario,Liberal,9/20/21 0:00,Sonia Sidhu,SoniaLiberal
46,commons,,Sherry,Romanado,Longueuil?”Charles-LeMoyne,Quebec,Liberal,9/20/21 0:00,Sherry Romanado,SherryRomanado
47,commons,,Shelby,Kramp-Neuman,Hastings?”Lennox and Addington,Ontario,Conservative,9/20/21 0:00,Shelby Kramp-Neuman,Shelby_Kramp
48,commons,,Shaun,Chen,Scarborough North,Ontario,Liberal,9/20/21 0:00,Shaun Chen,Shaun_Chen
49,commons,,Shannon,Stubbs,Lakeland,Alberta,Conservative,9/20/21 0:00,Shannon Stubbs,ShannonStubbsMP
50,commons,,Shafqat,Ali,Brampton Centre,Ontario,Liberal,9/20/21 0:00,Shafqat Ali,Shafqat_Ali_1
51,commons,,Serge,Cormier,Acadie?”Bathurst,New Brunswick,Liberal,9/20/21 0:00,Serge Cormier,sergecormierlib
52,commons,,SÃ©bastien,Lemire,Abitibi?”TÃ©miscamingue,Quebec,Bloc QuÃ©bÃ©cois,9/20/21 0:00,SÃ©bastien Lemire,seblemire
53,commons,Hon.,Sean,Fraser,Central Nova,Nova Scotia,Liberal,9/20/21 0:00,Sean Fraser,SeanFraserMP
54,commons,,Sean,Casey,Charlottetown,Prince Edward Island,Liberal,9/20/21 0:00,Sean Casey,SeanCaseyLPC
55,commons,Hon.,Seamus,O'Regan,St. John's South?”Mount Pearl,Newfoundland and Labrador,Liberal,9/20/21 0:00,Seamus O'Regan,SeamusORegan
56,commons,,Scott,Reid,Lanark?”Frontenac?”Kingston,Ontario,Conservative,9/20/21 0:00,Scott Reid,ScottReidCPC
57,commons,,Scott,Aitchison,Parry Sound?”Muskoka,Ontario,Conservative,9/20/21 0:00,Scott Aitchison,ScottAAitchison
58,commons,,Scot,Davidson,York?”Simcoe,Ontario,Conservative,9/20/21 0:00,Scot Davidson,ScotDavidsonMP
59,commons,,Francis,Scarpaleggia,Lac-Saint-Louis,Quebec,Liberal,9/20/21 0:00,Francis Scarpaleggia,ScarpaleggiaLSL
60,commons,,StÃ©phane,Bergeron,Montarville,Quebec,Bloc QuÃ©bÃ©cois,9/20/21 0:00,StÃ©phane Bergeron,sbergeron
61,commons,,Sameer,Zuberi,Pierrefonds?”Dollard,Quebec,Liberal,9/20/21 0:00,Sameer Zuberi,sameerzuberi
62,commons,,Salma,Zahid,Scarborough Centre,Ontario,Liberal,9/20/21 0:00,Salma Zahid,SalmaZahid15
63,commons,Hon.,Steven,Guilbeault,Laurier?”Sainte-Marie,Quebec,Liberal,9/20/21 0:00,Steven Guilbeault,s_guilbeault
64,commons,,Ryan,Williams,Bay of Quinte,Ontario,Conservative,9/20/21 0:00,Ryan Williams,Ryan_r_Williams
65,commons,,Ruby,Sahota,Brampton North,Ontario,Liberal,9/20/21 0:00,Ruby Sahota,rubysahotalib
66,commons,,Rosemarie,Falk,Battlefords?”Lloydminster,Saskatchewan,Conservative,9/20/21 0:00,Rosemarie Falk,rosemarie_falk
67,commons,,Ron,McKinnon,Coquitlam?”Port Coquitlam,British Columbia,Liberal,9/20/21 0:00,Ron McKinnon,RonMcKinnonLib
68,commons,,Ron,Liepert,Calgary Signal Hill,Alberta,Conservative,9/20/21 0:00,Ron Liepert,RonLiepert
69,commons,,Rob,Morrison,Kootenay?”Columbia,British Columbia,Conservative,9/20/21 0:00,Rob Morrison,robmorrisonmp
70,commons,Hon.,Rob,Moore,Fundy Royal,New Brunswick,Conservative,9/20/21 0:00,Rob Moore,RobMoore_CPC
71,commons,,Anna,Roberts,King?”Vaughan,Ontario,Conservative,9/20/21 0:00,Anna Roberts,RobertsAnna281
72,commons,Hon.,Robert,Oliphant,Don Valley West,Ontario,Liberal,9/20/21 0:00,Robert Oliphant,Rob_Oliphant
73,commons,,Rick,Perkins,South Shore?”St. Margarets,Nova Scotia,Conservative,9/20/21 0:00,Rick Perkins,RickPerkinsMP
74,commons,,Richard,Martel,Chicoutimi?”Le Fjord,Quebec,Conservative,9/20/21 0:00,Richard Martel,richardmartelpc
75,commons,,Richard,Bragdon,Tobique?”Mactaquac,New Brunswick,Conservative,9/20/21 0:00,Richard Bragdon,RichardBragdon
76,commons,,RhÃ©al,Fortin,RiviÃ¨re-du-Nord,Quebec,Bloc QuÃ©bÃ©cois,9/20/21 0:00,RhÃ©al Fortin,RhealFortin
77,commons,,RenÃ©,Villemure,Trois-RiviÃ¨res,Quebec,Bloc QuÃ©bÃ©cois,9/20/21 0:00,RenÃ© Villemure,renevillemure
78,commons,,RenÃ©,Arseneault,Madawaska?”Restigouche,New Brunswick,Liberal,9/20/21 0:00,RenÃ© Arseneault,reneliberal
79,commons,,Rechie,Valdez,Mississauga?”Streetsville,Ontario,Liberal,9/20/21 0:00,Rechie Valdez,rechievaldez
80,commons,,Raquel,Dancho,Kildonan?”St. Paul,Manitoba,Conservative,9/20/21 0:00,Raquel Dancho,RaquelDancho
81,commons,,Randeep,Sarai,Surrey Centre,British Columbia,Liberal,9/20/21 0:00,Randeep Sarai,randeepssarai
82,commons,,Rachel,Bendayan,Outremont,Quebec,Liberal,9/20/21 0:00,Rachel Bendayan,RachelBendayan
83,commons,,Rachael,Thomas,Lethbridge,Alberta,Conservative,9/20/21 0:00,Rachael Thomas,RachaelThomasMP
84,commons,,Rachel,Blaney,North Island?”Powell River,British Columbia,NDP,9/20/21 0:00,Rachel Blaney,RABlaney
85,commons,,Randall,Garrison,Esquimalt?”Saanich?”Sooke,British Columbia,NDP,9/20/21 0:00,Randall Garrison,r_garrison
86,commons,Hon.,Randy,Boissonnault,Edmonton Centre,Alberta,Liberal,9/20/21 0:00,Randy Boissonnault,R_Boissonnault
87,commons,,Philip,Lawrence,Northumberland?”Peterborough South,Ontario,Conservative,9/20/21 0:00,Philip Lawrence,PLawrenceMP
88,commons,Hon.,Pierre,Poilievre,Carleton,Ontario,Conservative,9/20/21 0:00,Pierre Poilievre,PierrePoilievre
89,commons,,Pierre,Paul-Hus,Charlesbourg?”Haute-Saint-Charles,Quebec,Conservative,9/20/21 0:00,Pierre Paul-Hus,PierrePaulHus
90,commons,,Peter,Fragiskatos,London North Centre,Ontario,Liberal,9/20/21 0:00,Peter Fragiskatos,pfragiskatos
91,commons,,Peter,Schiefke,Vaudreuil?”Soulanges,Quebec,Liberal,9/20/21 0:00,Peter Schiefke,PeterSchiefke
92,commons,,Peter,Fonseca,Mississauga East?”Cooksville,Ontario,Liberal,9/20/21 0:00,Peter Fonseca,PeterFonsecaMP
93,commons,,Parm,Bains,Steveston?”Richmond East,British Columbia,Liberal,9/20/21 0:00,Parm Bains,pbainsy
94,commons,,Paul,Chiang,Markham?”Unionville,Ontario,Liberal,9/20/21 0:00,Paul Chiang,PaulChiangMU
95,commons,Hon.,Patty,Hajdu,Thunder Bay?”Superior North,Ontario,Liberal,9/20/21 0:00,Patty Hajdu,PattyHajdu
96,commons,,Patrick,Weiler,West Vancouver?”Sunshine Coast?”Sea to Sky Country,British Columbia,Liberal,9/20/21 0:00,Patrick Weiler,PatrickBWeiler
97,commons,,Patricia,Lattanzio,Saint-LÃ©onard?”Saint-Michel,Quebec,Liberal,9/20/21 0:00,Patricia Lattanzio,PatriciaLattan3
98,commons,,Pat,Kelly,Calgary Rocky Ridge,Alberta,Conservative,9/20/21 0:00,Pat Kelly,PatKelly_MP
99,commons,Hon.,Pascale,St-Onge,Brome?”Missisquoi,Quebec,Liberal,9/20/21 0:00,Pascale St-Onge,PascaleStOnge_
100,commons,,Pam,Damoff,Oakville North?”Burlington,Ontario,Liberal,9/20/21 0:00,Pam Damoff,PamDamoff
101,commons,Hon.,Pablo,Rodriguez,HonorÃ©-Mercier,Quebec,Liberal,9/20/21 0:00,Pablo Rodriguez,pablorodriguez
102,commons,Hon.,Omar,Alghabra,Mississauga Centre,Ontario,Liberal,9/20/21 0:00,Omar Alghabra,OmarAlghabra
103,commons,,Niki,Ashton,Churchill?”Keewatinook Aski,Manitoba,NDP,9/20/21 0:00,Niki Ashton,nikiashton
104,commons,,Caroline,Desbiens,Beauport?”CÃ´te-de-BeauprÃ©?”ÃŽle d'OrlÃ©ans?”Charlevoix,Quebec,Bloc QuÃ©bÃ©cois,9/20/21 0:00,Caroline Desbiens,
105,commons,,Jacques,Gourde,LÃ©vis?”LotbiniÃ¨re,Quebec,Conservative,9/20/21 0:00,Jacques Gourde,
106,commons,,Robert,Kitchen,Souris?”Moose Mountain,Saskatchewan,Conservative,9/20/21 0:00,Robert Kitchen,
107,commons,,Richard,Lehoux,Beauce,Quebec,Conservative,9/20/21 0:00,Richard Lehoux,
108,commons,,Louis,Plamondon,BÃ©cancour?”Nicolet?”Saurel,Quebec,Bloc QuÃ©bÃ©cois,9/20/21 0:00,Louis Plamondon,
109,commons,,Clifford,Small,Coast of Bays?”Central?”Notre Dame,Newfoundland and Labrador,Conservative,9/20/21 0:00,Clifford Small,
110,commons,,Dominique,Vien,Bellechasse?”Les Etchemins?”LÃ©vis,Quebec,Conservative,9/20/21 0:00,Dominique Vien,
111,commons,,Maninder,Sidhu,Brampton East,Ontario,Liberal,9/20/21 0:00,Maninder Sidhu,MSidhuLiberal
112,commons,,Ted,Falk,Provencher,Manitoba,Conservative,9/20/21 0:00,Ted Falk,MPTedFalk
113,commons,,Randy,Hoback,Prince Albert,Saskatchewan,Conservative,9/20/21 0:00,Randy Hoback,MPRandyHoback
114,commons,,Peter,Julian,New Westminster?”Burnaby,British Columbia,NDP,9/20/21 0:00,Peter Julian,MPJulian
115,commons,,Robert,Morrissey,Egmont,Prince Edward Island,Liberal,9/20/21 0:00,Robert Morrissey,MorrisseyEgmont
116,commons,,Mike,Morrice,Kitchener Centre,Ontario,Green Party,9/20/21 0:00,Mike Morrice,morricemike
117,commons,Hon.,Mona,Fortier,Ottawa?”Vanier,Ontario,Liberal,9/20/21 0:00,Mona Fortier,MonaFortier
118,commons,,Michael,McLeod,Northwest Territories,Northwest Territories,Liberal,9/20/21 0:00,Michael McLeod,MMcLeodNWT
119,commons,Hon.,Mike,Lake,Edmonton?”Wetaskiwin,Alberta,Conservative,9/20/21 0:00,Mike Lake,MikeLakeMP
120,commons,,Mike,Kelloway,Cape Breton?”Canso,Nova Scotia,Liberal,9/20/21 0:00,Mike Kelloway,mikekelloway
121,commons,,Michael,Barrett,Leeds?”Grenville?”Thousand Islands and Rideau Lakes,Ontario,Conservative,9/20/21 0:00,Michael Barrett,MikeBarrettON
122,commons,Hon.,Michelle,Rempel Garner,Calgary Nose Hill,Alberta,Conservative,9/20/21 0:00,Michelle Rempel Garner,MichelleRempel
123,commons,,Michael,Kram,Regina?”Wascana,Saskatchewan,Conservative,9/20/21 0:00,Michael Kram,MichaelKramSK
124,commons,Hon.,Michael,Chong,Wellington?”Halton Hills,Ontario,Conservative,9/20/21 0:00,Michael Chong,MichaelChongMP
125,commons,,Marie-HÃ©lÃ¨ne,Gaudreau,Laurentides?”Labelle,Quebec,Bloc QuÃ©bÃ©cois,9/20/21 0:00,Marie-HÃ©lÃ¨ne Gaudreau,MHGaudreauBQ
126,commons,,Marie-France,Lalonde,OrlÃ©ans,Ontario,Liberal,9/20/21 0:00,Marie-France Lalonde,mflalonde
127,commons,,Michelle,Ferreri,Peterborough?”Kawartha,Ontario,Conservative,9/20/21 0:00,Michelle Ferreri,mferreriptbokaw
128,commons,,Melissa,Lantsman,Thornhill,Ontario,Conservative,9/20/21 0:00,Melissa Lantsman,MelissaLantsman
129,commons,,Mel,Arnold,North Okanagan?”Shuswap,British Columbia,Conservative,9/20/21 0:00,Mel Arnold,MelArnoldMP
130,commons,Hon.,MÃ©lanie,Joly,Ahuntsic-Cartierville,Quebec,Liberal,9/20/21 0:00,MÃ©lanie Joly,melaniejoly
131,commons,Hon.,Marie-Claude,Bibeau,Compton?”Stanstead,Quebec,Liberal,9/20/21 0:00,Marie-Claude Bibeau,mclaudebibeau
132,commons,,Ken,McDonald,Avalon,Newfoundland and Labrador,Liberal,9/20/21 0:00,Ken McDonald,McDonald4Avalon
133,commons,,Dan,Mazier,Dauphin?”Swan River?”Neepawa,Manitoba,Conservative,9/20/21 0:00,Dan Mazier,MBDan7
134,commons,,Matthew,Green,Hamilton Centre,Ontario,NDP,9/20/21 0:00,Matthew Green,MatthewGreenNDP
135,commons,Hon.,Mary,Ng,Markham?”Thornhill,Ontario,Liberal,9/20/21 0:00,Mary Ng,mary_ng
136,commons,,Marty,Morantz,Charleswood?”St. James?”Assiniboia?”Headingley,Manitoba,Conservative,9/20/21 0:00,Marty Morantz,marty_morantz
137,commons,,Martin,Shields,Bow River,Alberta,Conservative,9/20/21 0:00,Martin Shields,MartinBowRiver
138,commons,,Martin,Champoux,Drummond,Quebec,Bloc QuÃ©bÃ©cois,9/20/21 0:00,Martin Champoux,martchampoux
139,commons,,Mark,Strahl,Chilliwack?”Hope,British Columbia,Conservative,9/20/21 0:00,Mark Strahl,markstrahl
140,commons,Hon.,Mark,Holland,Ajax,Ontario,Liberal,9/20/21 0:00,Mark Holland,markhollandlib
141,commons,,Mark,Gerretsen,Kingston and the Islands,Ontario,Liberal,9/20/21 0:00,Mark Gerretsen,MarkGerretsen
142,commons,,Mario,Simard,JonquiÃ¨re,Quebec,Bloc QuÃ©bÃ©cois,9/20/21 0:00,Mario Simard,mariosimardbq
143,commons,,Mario,Beaulieu,La Pointe-de-l'ÃŽle,Quebec,Bloc QuÃ©bÃ©cois,9/20/21 0:00,Mario Beaulieu,Mario_Beaulieu
144,commons,,Marilyn,Gladu,Sarnia?”Lambton,Ontario,Conservative,9/20/21 0:00,Marilyn Gladu,MarilynGladuSL
145,commons,,Marcus,Powlowski,Thunder Bay?”Rainy River,Ontario,Liberal,9/20/21 0:00,Marcus Powlowski,MarcusPowlowski
146,commons,,Marc,SerrÃ©,Nickel Belt,Ontario,Liberal,9/20/21 0:00,Marc SerrÃ©,MarcSerreMP
147,commons,Hon.,Marco,Mendicino,Eglinton?”Lawrence,Ontario,Liberal,9/20/21 0:00,Marco Mendicino,marcomendicino
148,commons,Hon.,Marc,Miller,Ville-Marie?”Le Sud-Ouest?”ÃŽle-des-Soeurs,Quebec,Liberal,9/20/21 0:00,Marc Miller,MarcMillerVM
149,commons,Hon.,Marci,Ien,Toronto Centre,Ontario,Liberal,9/20/21 0:00,Marci Ien,MarciIen
150,commons,Hon.,Marc,Garneau,Notre-Dame-de-GrÃ¢ce?”Westmount,Quebec,Liberal,9/20/21 0:00,Marc Garneau,MarcGarneau
151,commons,,Marc,Dalton,Pitt Meadows?”Maple Ridge,British Columbia,Conservative,9/20/21 0:00,Marc Dalton,MarcDalton
152,commons,,Majid,Jowhari,Richmond Hill,Ontario,Liberal,9/20/21 0:00,Majid Jowhari,MajidJowhari
153,commons,,Monique,PauzÃ©,Repentigny,Quebec,Bloc QuÃ©bÃ©cois,9/20/21 0:00,Monique PauzÃ©,m_pauze
154,commons,,Luc,ThÃ©riault,Montcalm,Quebec,Bloc QuÃ©bÃ©cois,9/20/21 0:00,Luc ThÃ©riault,luctheriaultbq
155,commons,,Luc,Desilets,RiviÃ¨re-des-Mille-ÃŽles,Quebec,Bloc QuÃ©bÃ©cois,9/20/21 0:00,Luc Desilets,LucDesiletsBQ
156,commons,,Luc,Berthold,MÃ©gantic?”L'Ã‰rable,Quebec,Conservative,9/20/21 0:00,Luc Berthold,LucBerthold
157,commons,,Louise,Chabot,ThÃ©rÃ¨se-De Blainville,Quebec,Bloc QuÃ©bÃ©cois,9/20/21 0:00,Louise Chabot,LouiseChabotBQ
158,commons,,Lori,Idlout,Nunavut,Nunavut,NDP,9/20/21 0:00,Lori Idlout,LoriIdlout
159,commons,,Lindsay,Mathyssen,London?”Fanshawe,Ontario,NDP,9/20/21 0:00,Lindsay Mathyssen,LMathys
160,commons,,Lloyd,Longfield,Guelph,Ontario,Liberal,9/20/21 0:00,Lloyd Longfield,LloydLongfield
161,commons,,Lisa Marie,Barron,Nanaimo?”Ladysmith,British Columbia,NDP,9/20/21 0:00,Lisa Marie Barron,LisaMarieBarron
162,commons,,Lisa,Hepfner,Hamilton Mountain,Ontario,Liberal,9/20/21 0:00,Lisa Hepfner,lisahepfner
163,commons,,Lianne,Rood,Lambton?”Kent?”Middlesex,Ontario,Conservative,9/20/21 0:00,Lianne Rood,Lianne_Rood
164,commons,,Leslyn,Lewis,Haldimand?”Norfolk,Ontario,Conservative,9/20/21 0:00,Leslyn Lewis,LeslynLewis
165,commons,,Lena Metlege,Diab,Halifax West,Nova Scotia,Liberal,9/20/21 0:00,Lena Metlege Diab,LenaMetlegeDiab
166,commons,,Leah,Gazan,Winnipeg Centre,Manitoba,NDP,9/20/21 0:00,Leah Gazan,LeahGazan
167,commons,,Leah,Taylor Roy,Aurora?”Oak Ridges?”Richmond Hill,Ontario,Liberal,9/20/21 0:00,Leah Taylor Roy,Leah_Taylor_Roy
168,commons,,Laurel,Collins,Victoria,British Columbia,NDP,9/20/21 0:00,Laurel Collins,Laurel_BC
169,commons,,Larry,Maguire,Brandon?”Souris,Manitoba,Conservative,9/20/21 0:00,Larry Maguire,LarryMaguireMP
170,commons,,Larry,Brock,Brantford?”Brant,Ontario,Conservative,9/20/21 0:00,Larry Brock,Larrybrockmp
171,commons,,Laila,Goodridge,Fort McMurray?”Cold Lake,Alberta,Conservative,9/20/21 0:00,Laila Goodridge,LailaGoodridge
172,commons,Hon.,Lawrence,MacAulay,Cardigan,Prince Edward Island,Liberal,9/20/21 0:00,Lawrence MacAulay,L_MacAulay
173,commons,,Kyle,Seeback,Dufferin?”Caledon,Ontario,Conservative,9/20/21 0:00,Kyle Seeback,kyleseeback
174,commons,,Kristina,Michaud,Avignon?”La Mitis?”Matane?”MatapÃ©dia,Quebec,Bloc QuÃ©bÃ©cois,9/20/21 0:00,Kristina Michaud,krimichaudbq
175,commons,,Kody,Blois,Kings?”Hants,Nova Scotia,Liberal,9/20/21 0:00,Kody Blois,KodyBloisNS
176,commons,Hon.,Kirsty,Duncan,Etobicoke North,Ontario,Liberal,9/20/21 0:00,Kirsty Duncan,KirstyDuncanMP
177,commons,,Kevin,Waugh,Saskatoon?”Grasswood,Saskatchewan,Conservative,9/20/21 0:00,Kevin Waugh,KevinWaugh_CPC
178,commons,,Kevin,Vuong,Spadina?”Fort York,Ontario,Independent,9/20/21 0:00,Kevin Vuong,KevinVuongMP
179,commons,,Kevin,Lamoureux,Winnipeg North,Manitoba,Liberal,9/20/21 0:00,Kevin Lamoureux,Kevin_Lamoureux
180,commons,Hon.,Kerry-Lynne,Findlay,South Surrey?”White Rock,British Columbia,Conservative,9/20/21 0:00,Kerry-Lynne Findlay,KerryLynneFindl
181,commons,,Ken,Hardie,Fleetwood?”Port Kells,British Columbia,Liberal,9/20/21 0:00,Ken Hardie,KenHardie
182,commons,,Kelly,McCauley,Edmonton West,Alberta,Conservative,9/20/21 0:00,Kelly McCauley,KellyMcCauleyMP
183,commons,,Kelly,Block,Carlton Trail?”Eagle Creek,Saskatchewan,Conservative,9/20/21 0:00,Kelly Block,KellyBlockmp
184,commons,,Arielle,Kayabaga,London West,Ontario,Liberal,9/20/21 0:00,Arielle Kayabaga,KayabagaArielle
185,commons,Hon.,Karina,Gould,Burlington,Ontario,Liberal,9/20/21 0:00,Karina Gould,karinagould
186,commons,,Karen,Vecchio,Elgin?”Middlesex?”London,Ontario,Conservative,9/20/21 0:00,Karen Vecchio,karen_vecchio
187,commons,Hon.,Kamal,Khera,Brampton West,Ontario,Liberal,9/20/21 0:00,Kamal Khera,KamalKheraLib
188,commons,Hon.,Jean-Yves,Duclos,QuÃ©bec,Quebec,Liberal,9/20/21 0:00,Jean-Yves Duclos,jyduclos
189,commons,,John,Aldag,Cloverdale?”Langley City,British Columbia,Liberal,9/20/21 0:00,John Aldag,jwaldag
190,commons,Right Hon.,Justin,Trudeau,Papineau,Quebec,Liberal,9/20/21 0:00,Justin Trudeau,JustinTrudeau
191,commons,,Julie,Vignola,Beauport?”Limoilou,Quebec,Bloc QuÃ©bÃ©cois,9/20/21 0:00,Julie Vignola,JulieVignolaBL
192,commons,,Julie,Dzerowicz,Davenport,Ontario,Liberal,9/20/21 0:00,Julie Dzerowicz,JulieDzerowicz
193,commons,,Julie,Dabrusin,Toronto?”Danforth,Ontario,Liberal,9/20/21 0:00,Julie Dabrusin,juliedabrusin
194,commons,Hon.,Judy A.,Sgro,Humber River?”Black Creek,Ontario,Liberal,9/20/21 0:00,Judy A. Sgro,JudySgroMP
195,commons,Hon.,Joyce,Murray,Vancouver Quadra,British Columbia,Liberal,9/20/21 0:00,Joyce Murray,JoyceMurray
196,commons,Hon.,Jonathan,Wilkinson,North Vancouver,British Columbia,Liberal,9/20/21 0:00,Jonathan Wilkinson,JonathanWNV
197,commons,,John,Williamson,New Brunswick Southwest,New Brunswick,Conservative,9/20/21 0:00,John Williamson,JohnWilliamson_
198,commons,,John,Nater,Perth?”Wellington,Ontario,Conservative,9/20/21 0:00,John Nater,JohnNaterMP
199,commons,Hon.,John,McKay,Scarborough?”Guildwood,Ontario,Liberal,9/20/21 0:00,John McKay,JohnMcKayLib
200,commons,,John,Brassard,Barrie?”Innisfil,Ontario,Conservative,9/20/21 0:00,John Brassard,JohnBrassardCPC
201,commons,,John,Barlow,Foothills,Alberta,Conservative,9/20/21 0:00,John Barlow,JohnBarlowMP
202,commons,,JoÃ«l,Lightbound,Louis-HÃ©bert,Quebec,Liberal,9/20/21 0:00,JoÃ«l Lightbound,JoelLightbound
203,commons,,JoÃ«l,Godin,Portneuf?”Jacques-Cartier,Quebec,Conservative,9/20/21 0:00,JoÃ«l Godin,Joelgodinpjc
204,commons,,Joanne,Thompson,St. John's East,Newfoundland and Labrador,Liberal,9/20/21 0:00,Joanne Thompson,Joanne_NL
205,commons,Hon.,Jim,Carr,Winnipeg South Centre,Manitoba,Liberal,9/20/21 0:00,Jim Carr,jimcarr_wpg
206,commons,,Jeremy,Patzer,Cypress Hills?”Grasslands,Saskatchewan,Conservative,9/20/21 0:00,Jeremy Patzer,JeremyPatzerMP
207,commons,,Jennifer,O'Connell,Pickering?”Uxbridge,Ontario,Liberal,9/20/21 0:00,Jennifer O'Connell,JenOConnell_
208,commons,,Jenny,Kwan,Vancouver East,British Columbia,NDP,9/20/21 0:00,Jenny Kwan,JennyKwanBC
209,commons,,Jenna,Sudds,Kanata?”Carleton,Ontario,Liberal,9/20/21 0:00,Jenna Sudds,JennaSudds
210,commons,,Jenica,Atwin,Fredericton,New Brunswick,Liberal,9/20/21 0:00,Jenica Atwin,JenicaAtwin
211,commons,,Matt,Jeneroux,Edmonton Riverbend,Alberta,Conservative,9/20/21 0:00,Matt Jeneroux,jeneroux
212,commons,,Jean,Yip,Scarborough?”Agincourt,Ontario,Liberal,9/20/21 0:00,Jean Yip,JeanYip3
213,commons,,Jean-Denis,Garon,Mirabel,Quebec,Bloc QuÃ©bÃ©cois,9/20/21 0:00,Jean-Denis Garon,JeanDenisGaron1
214,commons,,Jasraj Singh,Hallan,Calgary Forest Lawn,Alberta,Conservative,9/20/21 0:00,Jasraj Singh Hallan,jasrajshallan
215,commons,,Jamie,Schmale,Haliburton?”Kawartha Lakes?”Brock,Ontario,Conservative,9/20/21 0:00,Jamie Schmale,Jamie_Schmale
216,commons,,James,Bezan,Selkirk?”Interlake?”Eastman,Manitoba,Conservative,9/20/21 0:00,James Bezan,jamesbezan
217,commons,,Jake,Stewart,Miramichi?”Grand Lake,New Brunswick,Conservative,9/20/21 0:00,Jake Stewart,JakestewartNB
218,commons,,Jaime,Battiste,Sydney?”Victoria,Nova Scotia,Liberal,9/20/21 0:00,Jaime Battiste,JaimeBattiste
219,commons,,James,Maloney,Etobicoke?”Lakeshore,Ontario,Liberal,9/20/21 0:00,James Maloney,j_maloney
220,commons,,Irek,Kusmierczyk,Windsor?”Tecumseh,Ontario,Liberal,9/20/21 0:00,Irek Kusmierczyk,Irek_K
221,commons,,Iqwinder,Gaheer,Mississauga?”Malton,Ontario,Liberal,9/20/21 0:00,Iqwinder Gaheer,IqwinderSGaheer
222,commons,,Iqra,Khalid,Mississauga?”Erin Mills,Ontario,Liberal,9/20/21 0:00,Iqra Khalid,IqraKhalidMP
223,commons,,Angelo,Iacono,Alfred-Pellan,Quebec,Liberal,9/20/21 0:00,Angelo Iacono,IaconoMP
224,commons,Hon.,Ed,Fast,Abbotsford,British Columbia,Conservative,9/20/21 0:00,Ed Fast,HonEdFast
225,commons,Hon.,Ahmed,Hussen,York South?”Weston,Ontario,Liberal,9/20/21 0:00,Ahmed Hussen,HonAhmedHussen
226,commons,,Heather,McPherson,Edmonton Strathcona,Alberta,NDP,9/20/21 0:00,Heather McPherson,HMcPhersonMP
227,commons,Hon.,Helena,Jaczek,Markham?”Stouffville,Ontario,Liberal,9/20/21 0:00,Helena Jaczek,HelenaJaczek
228,commons,Hon.,Hedy,Fry,Vancouver Centre,British Columbia,Liberal,9/20/21 0:00,Hedy Fry,HedyFry
229,commons,Hon.,Harjit S.,Sajjan,Vancouver South,British Columbia,Liberal,9/20/21 0:00,Harjit S. Sajjan,HarjitSajjan
230,commons,,Han,Dong,Don Valley North,Ontario,Liberal,9/20/21 0:00,Han Dong,handongontario
231,commons,Hon.,Gudie,Hutchings,Long Range Mountains,Newfoundland and Labrador,Liberal,9/20/21 0:00,Gudie Hutchings,Gudie
232,commons,,Greg,McLean,Calgary Centre,Alberta,Conservative,9/20/21 0:00,Greg McLean,GregMcLeanYYC
233,commons,Hon.,Greg,Fergus,Hull?”Aylmer,Quebec,Liberal,9/20/21 0:00,Greg Fergus,GregFergus
234,commons,,Gord,Johns,Courtenay?”Alberni,British Columbia,NDP,9/20/21 0:00,Gord Johns,GordJohns
235,commons,,Glen,Motz,Medicine Hat?”Cardston?”Warner,Alberta,Conservative,9/20/21 0:00,Glen Motz,GlenMotz
236,commons,Hon.,Ginette,Petitpas Taylor,Moncton?”Riverview?”Dieppe,New Brunswick,Liberal,9/20/21 0:00,Ginette Petitpas Taylor,GinettePT
237,commons,,MarilÃ¨ne,Gill,Manicouagan,Quebec,Bloc QuÃ©bÃ©cois,9/20/21 0:00,MarilÃ¨ne Gill,GillMarilene
238,commons,,GÃ©rard,Deltell,Louis-Saint-Laurent,Quebec,Conservative,9/20/21 0:00,GÃ©rard Deltell,gerarddeltell
239,commons,,Gerald,Soroka,Yellowhead,Alberta,Conservative,9/20/21 0:00,Gerald Soroka,GeraldSorokaMP
240,commons,,Bernard,GÃ©nÃ©reux,Montmagny?”L'Islet?”Kamouraska?”RiviÃ¨re-du-Loup,Quebec,Conservative,9/20/21 0:00,Bernard GÃ©nÃ©reux,GenereuxBernard
241,commons,,Gary,Vidal,DesnethÃ©?”Missinippi?”Churchill River,Saskatchewan,Conservative,9/20/21 0:00,Gary Vidal,GaryAVidal
242,commons,,Gary,Anandasangaree,Scarborough?”Rouge Park,Ontario,Liberal,9/20/21 0:00,Gary Anandasangaree,gary_srp
243,commons,,Garnett,Genuis,Sherwood Park?”Fort Saskatchewan,Alberta,Conservative,9/20/21 0:00,Garnett Genuis,GarnettGenuis
244,commons,,Gabriel,Ste-Marie,Joliette,Quebec,Bloc QuÃ©bÃ©cois,9/20/21 0:00,Gabriel Ste-Marie,Gabriel_SMarie
245,commons,,Francesco,Sorbara,Vaughan?”Woodbridge,Ontario,Liberal,9/20/21 0:00,Francesco Sorbara,fsorbara
246,commons,,Fraser,Tolmie,Moose Jaw?”Lake Centre?”Lanigan,Saskatchewan,Conservative,9/20/21 0:00,Fraser Tolmie,FraserTolmie
247,commons,,Frank,Caputo,Kamloops?”Thompson?”Cariboo,British Columbia,Conservative,9/20/21 0:00,Frank Caputo,FrankCaputoKTC
248,commons,,Francis,Drouin,Glengarry?”Prescott?”Russell,Ontario,Liberal,9/20/21 0:00,Francis Drouin,Francis_Drouin
249,commons,Hon.,FranÃ§ois-Philippe,Champagne,Saint-Maurice?”Champlain,Quebec,Liberal,9/20/21 0:00,FranÃ§ois-Philippe Champagne,FP_Champagne
250,commons,Hon.,Filomena,Tassi,Hamilton West?”Ancaster?”Dundas,Ontario,Liberal,9/20/21 0:00,Filomena Tassi,FilomenaTassi
251,commons,,FayÃ§al,El-Khoury,Laval?”Les ÃŽles,Quebec,Liberal,9/20/21 0:00,FayÃ§al El-Khoury,F_ElKhoury
252,commons,Hon.,Erin,O'Toole,Durham,Ontario,Conservative,9/20/21 0:00,Erin O'Toole,erinotoole
253,commons,,Eric,Duncan,Stormont?”Dundas?”South Glengarry,Ontario,Conservative,9/20/21 0:00,Eric Duncan,EricDuncanSDSG
254,commons,,Eric,Melillo,Kenora,Ontario,Conservative,9/20/21 0:00,Eric Melillo,Eric_Melillo
255,commons,,Emmanuel,Dubourg,Bourassa,Quebec,Liberal,9/20/21 0:00,Emmanuel Dubourg,EmmanuelDubourg
256,commons,,Emmanuella,Lambropoulos,Saint-Laurent,Quebec,Liberal,9/20/21 0:00,Emmanuella Lambropoulos,emlambropoulos
257,commons,,Elizabeth,May,Saanich?”Gulf Islands,British Columbia,Green Party,9/20/21 0:00,Elizabeth May,ElizabethMay
258,commons,,Ã‰lisabeth,BriÃ¨re,Sherbrooke,Quebec,Liberal,9/20/21 0:00,Ã‰lisabeth BriÃ¨re,ElisabethBriere
259,commons,,Earl,Dreeshen,Red Deer?”Mountain View,Alberta,Conservative,9/20/21 0:00,Earl Dreeshen,earl_dreeshen
260,commons,,Stephen,Ellis,Cumberland?”Colchester,Nova Scotia,Conservative,9/20/21 0:00,Stephen Ellis,drsdelliscc
261,commons,,Brendan,Hanley,Yukon,Yukon,Liberal,9/20/21 0:00,Brendan Hanley,drbrendanhanley
262,commons,,Doug,Shipley,Barrie?”Springwater?”Oro-Medonte,Ontario,Conservative,9/20/21 0:00,Doug Shipley,DougShipleyBSOM
263,commons,,Don,Davies,Vancouver Kingsway,British Columbia,NDP,9/20/21 0:00,Don Davies,DonDavies
264,commons,Hon.,Dominic,LeBlanc,BeausÃ©jour,New Brunswick,Liberal,9/20/21 0:00,Dominic LeBlanc,DLeBlancNB
265,commons,,Blake,Desjarlais,Edmonton Griesbach,Alberta,NDP,9/20/21 0:00,Blake Desjarlais,DesjarlaisBlake
266,commons,,Dean,Allison,Niagara West,Ontario,Conservative,9/20/21 0:00,Dean Allison,DeanAllisonMP
267,commons,,Damien,Kurek,Battle River?”Crowfoot,Alberta,Conservative,9/20/21 0:00,Damien Kurek,dckurek
268,commons,Hon.,David,McGuinty,Ottawa South,Ontario,Liberal,9/20/21 0:00,David McGuinty,DavidMcGuinty
269,commons,Hon.,David,Lametti,LaSalle?”Ã‰mard?”Verdun,Quebec,Liberal,9/20/21 0:00,David Lametti,DavidLametti
270,commons,,Dave,MacKenzie,Oxford,Ontario,Conservative,9/20/21 0:00,Dave MacKenzie,DaveMacKenzieMP
271,commons,,Dave,Epp,Chatham-Kent?”Leamington,Ontario,Conservative,9/20/21 0:00,Dave Epp,DaveEppCKL
272,commons,,Darren,Fisher,Dartmouth?”Cole Harbour,Nova Scotia,Liberal,9/20/21 0:00,Darren Fisher,DarrenFisherNS
273,commons,,Darrell,Samson,Sackville?”Preston?”Chezzetcook,Nova Scotia,Liberal,9/20/21 0:00,Darrell Samson,darrellsamson
274,commons,,Dan,Muys,Flamborough?”Glanbrook,Ontario,Conservative,9/20/21 0:00,Dan Muys,DanMuysMP
275,commons,,Daniel,Blaikie,Elmwood?”Transcona,Manitoba,NDP,9/20/21 0:00,Daniel Blaikie,Daniel_Blaikie
276,commons,,Dane,Lloyd,Sturgeon River?”Parkland,Alberta,Conservative,9/20/21 0:00,Dane Lloyd,DaneLloydMP
277,commons,,Dan,Albas,Central Okanagan?”Similkameen?”Nicola,British Columbia,Conservative,9/20/21 0:00,Dan Albas,DanAlbas
278,commons,,Corey,Tochor,Saskatoon?”University,Saskatchewan,Conservative,9/20/21 0:00,Corey Tochor,ctochor
279,commons,Hon.,Carla,Qualtrough,Delta,British Columbia,Liberal,9/20/21 0:00,Carla Qualtrough,CQualtro
280,commons,,Michael,Coteau,Don Valley East,Ontario,Liberal,9/20/21 0:00,Michael Coteau,coteau
281,commons,,Heath,MacDonald,Malpeque,Prince Edward Island,Liberal,9/20/21 0:00,Heath MacDonald,CornwallHeath
282,commons,,Michael,Cooper,St. Albert?”Edmonton,Alberta,Conservative,9/20/21 0:00,Michael Cooper,Cooper4SAE
283,commons,,Colin,Carrie,Oshawa,Ontario,Conservative,9/20/21 0:00,Colin Carrie,ColinCarrieCPC
284,commons,,Claude,DeBellefeuille,Salaberry?”SuroÃ®t,Quebec,Bloc QuÃ©bÃ©cois,9/20/21 0:00,Claude DeBellefeuille,ClaudeDBF_bq
285,commons,,Churence,Rogers,Bonavista?”Burin?”Trinity,Newfoundland and Labrador,Liberal,9/20/21 0:00,Churence Rogers,ChurenceRogers
286,commons,,Chris,Warkentin,Grande Prairie?”Mackenzie,Alberta,Conservative,9/20/21 0:00,Chris Warkentin,chriswarkentin
287,commons,,Christine,Normandin,Saint-Jean,Quebec,Bloc QuÃ©bÃ©cois,9/20/21 0:00,Christine Normandin,ChristineNorm
288,commons,,Chris,Lewis,Essex,Ontario,Conservative,9/20/21 0:00,Chris Lewis,ChrisLewisEssex
289,commons,,Chris,Bittle,St. Catharines,Ontario,Liberal,9/20/21 0:00,Chris Bittle,Chris_Bittle
290,commons,,Cheryl,Gallant,Renfrew?”Nipissing?”Pembroke,Ontario,Conservative,9/20/21 0:00,Cheryl Gallant,cherylgallant
291,commons,,Charlie,Angus,Timmins?”James Bay,Ontario,NDP,9/20/21 0:00,Charlie Angus,CharlieAngusNDP
292,commons,,George,Chahal,Calgary Skyview,Alberta,Liberal,9/20/21 0:00,George Chahal,ChahalGeorge
293,commons,,Chad,Collins,Hamilton East?”Stoney Creek,Ontario,Liberal,9/20/21 0:00,Chad Collins,ChadCollinsMP
294,commons,,Chris,d'Entremont,West Nova,Nova Scotia,Conservative,9/20/21 0:00,Chris d'Entremont,CdEntremontMP
295,commons,,Cathay,Wagantall,Yorkton?”Melville,Saskatchewan,Conservative,9/20/21 0:00,Cathay Wagantall,cathayw
296,commons,Hon.,Carolyn,Bennett,Toronto?”St. Paul's,Ontario,Liberal,9/20/21 0:00,Carolyn Bennett,Carolyn_Bennett
297,commons,,Carol,Hughes,Algoma?”Manitoulin?”Kapuskasing,Ontario,NDP,9/20/21 0:00,Carol Hughes,CarolHughesMP
298,commons,,Richard,Cannings,South Okanagan?”West Kootenay,British Columbia,NDP,9/20/21 0:00,Richard Cannings,CanningsNDP
299,commons,Hon.,Candice,Bergen,Portage?”Lisgar,Manitoba,Conservative,9/20/21 0:00,Candice Bergen,CandiceBergenMP
300,commons,Hon.,Chrystia,Freeland,University?”Rosedale,Ontario,Liberal,9/20/21 0:00,Chrystia Freeland,cafreeland
301,commons,,Brenda,Shanahan,ChÃ¢teauguay?”Lacolle,Quebec,Liberal,9/20/21 0:00,Brenda Shanahan,BShanahanLib
302,commons,,Brian,Masse,Windsor West,Ontario,NDP,9/20/21 0:00,Brian Masse,BrianMasseMP
303,commons,,Brad,Redekopp,Saskatoon West,Saskatchewan,Conservative,9/20/21 0:00,Brad Redekopp,BradRedekopp
304,commons,,Brad,Vis,Mission?”Matsqui?”Fraser Canyon,British Columbia,Conservative,9/20/21 0:00,Brad Vis,BradleyVis
305,commons,,Bonita,Zarrillo,Port Moody?”Coquitlam,British Columbia,NDP,9/20/21 0:00,Bonita Zarrillo,BonitaZarrillo
306,commons,,Bob,Zimmer,Prince George?”Peace River?”Northern Rockies,British Columbia,Conservative,9/20/21 0:00,Bob Zimmer,bobzimmermp
307,commons,,Bob,Benzen,Calgary Heritage,Alberta,Conservative,9/20/21 0:00,Bob Benzen,BobBenzen
308,commons,,Maxime,Blanchette-Joncas,Rimouski-Neigette?”TÃ©miscouata?”Les Basques,Quebec,Bloc QuÃ©bÃ©cois,9/20/21 0:00,Maxime Blanchette-Joncas,BlanchetteMax
309,commons,,Blake,Richards,Banff?”Airdrie,Alberta,Conservative,9/20/21 0:00,Blake Richards,BlakeRichardsMP
310,commons,,Blaine,Calkins,Red Deer?”Lacombe,Alberta,Conservative,9/20/21 0:00,Blaine Calkins,BlaineFCalkins
311,commons,Hon.,Bill,Blair,Scarborough Southwest,Ontario,Liberal,9/20/21 0:00,Bill Blair,BillBlair
312,commons,,Nathaniel,Erskine-Smith,Beaches?”East York,Ontario,Liberal,9/20/21 0:00,Nathaniel Erskine-Smith,beynate
313,commons,,Ben,Lobb,Huron?”Bruce,Ontario,Conservative,9/20/21 0:00,Ben Lobb,BenLobbMP
314,commons,Hon.,Bardish,Chagger,Waterloo,Ontario,Liberal,9/20/21 0:00,Bardish Chagger,BardishKW
315,commons,,Alain,Therrien,La Prairie,Quebec,Bloc QuÃ©bÃ©cois,9/20/21 0:00,Alain Therrien,ATherrienBQ
316,commons,,Chandra,Arya,Nepean,Ontario,Liberal,9/20/21 0:00,Chandra Arya,AryaCanada
317,commons,,Arnold,Viersen,Peace River?”Westlock,Alberta,Conservative,9/20/21 0:00,Arnold Viersen,ArnoldViersen
318,commons,Hon.,Anthony,Rota,Nipissing?”Timiskaming,Ontario,Liberal,9/20/21 0:00,Anthony Rota,AnthonyRota
319,commons,,Annie,Koutrakis,Vimy,Quebec,Liberal,9/20/21 0:00,Annie Koutrakis,AnnieKoutrakis
320,commons,,Anita,Vandenbeld,Ottawa West?”Nepean,Ontario,Liberal,9/20/21 0:00,Anita Vandenbeld,anitavandenbeld
321,commons,Hon.,Anita,Anand,Oakville,Ontario,Liberal,9/20/21 0:00,Anita Anand,AnitaAnandMP
322,commons,,Andy,Fillmore,Halifax,Nova Scotia,Liberal,9/20/21 0:00,Andy Fillmore,AndyFillmoreHFX
323,commons,Hon.,Andrew,Scheer,Regina?”Qu'Appelle,Saskatchewan,Conservative,9/20/21 0:00,Andrew Scheer,AndrewScheer
324,commons,,Alistair,MacGregor,Cowichan?”Malahat?”Langford,British Columbia,NDP,9/20/21 0:00,Alistair MacGregor,AMacGregor4CML
325,commons,,Ali,Ehsassi,Willowdale,Ontario,Liberal,9/20/21 0:00,Ali Ehsassi,AliEhsassi
326,commons,,Alex,Ruff,Bruce?”Grey?”Owen Sound,Ontario,Conservative,9/20/21 0:00,Alex Ruff,AlexRuff17
327,commons,,Alexandre,Boulerice,Rosemont?”La Petite-Patrie,Quebec,NDP,9/20/21 0:00,Alexandre Boulerice,alexboulerice
328,commons,,Alexandra,MendÃ¨s,Brossard?”Saint-Lambert,Quebec,Liberal,9/20/21 0:00,Alexandra MendÃ¨s,AlexandraBrStl
329,commons,,Alexis,Brunelle-Duceppe,Lac-Saint-Jean,Quebec,Bloc QuÃ©bÃ©cois,9/20/21 0:00,Alexis Brunelle-Duceppe,Alduceppe
330,commons,,Alain,Rayes,Richmond?”Arthabaska,Quebec,Conservative,9/20/21 0:00,Alain Rayes,AlainRayes
331,commons,,Anthony,Housefather,Mount Royal,Quebec,Liberal,9/20/21 0:00,Anthony Housefather,AHousefather
332,commons,,Anju,Dhillon,Dorval?”Lachine?”LaSalle,Quebec,Liberal,9/20/21 0:00,Anju Dhillon,adhillonDLL
333,commons,,Adam,Chambers,Simcoe North,Ontario,Conservative,9/20/21 0:00,Adam Chambers,adamchamb
334,commons,,AndrÃ©anne,Larouche,Shefford,Quebec,Bloc QuÃ©bÃ©cois,9/20/21 0:00,AndrÃ©anne Larouche,A_Larouche_Shef
335,commons,,Bryan,May,Cambridge,Ontario,Liberal,9/20/21 0:00,Bryan May,_BryanMay
336,commons,,Nathalie,Sinclair-DesgagnÃ©,Terrebonne,Quebec,Bloc QuÃ©bÃ©cois,9/20/21 0:00,Nathalie Sinclair-DesgagnÃ©,NathalieSincla3
337,commons,,Simon-Pierre,Savard-Tremblay,Saint-Hyacinthe?”Bagot,Quebec,Bloc QuÃ©bÃ©cois,9/20/21 0:00,Simon-Pierre Savard-Tremblay,SPSTremblay