constituency,party_before,name,party_member,notes,screen_name,user_id
Aberavon,Labour,Stephen Kinnock,Labour,Seat held,SKinnock,722347303
West Tyrone,Sinn FÃ©in,Ã“rfhlaith Begley,Sinn FÃ©in,Seat held,orfhlaithbegley,
Aberdeen North,Scottish National,Kirsty Blackman,Scottish National,Seat held,KirstySNP,2616215901
Newcastle-under-Lyme,Labour,Aaron Bell,Conservative,"Previous incumbent, Paul Farrelly, did not stand",AaronBell4NUL,
Airdrie and Shotts,Scottish National,Neil Gray,Scottish National,Seat held,neilgraysnp,287212988
Aldershot,Conservative,Leo Docherty,Conservative,Seat held,LeoDochertyUK,562385310
Aldridge-Brownhills,Conservative,Wendy Morton,Conservative,Seat held,morton_wendy,813678139
Erith and Thamesmead,Labour,Abena Oppong-Asare,Labour,"Previous incumbent, Teresa Pearce, did not stand",abenaopp,
Alyn and Deeside,Labour,Mark Tami,Labour,Seat held,MarkTamiMP,2278921206
Amber Valley,Conservative,Nigel Mills,Conservative,Seat held,nigelmills,995322806
Gravesham,Conservative,Adam Holloway,Conservative,Seat held,AdamHollowayMP,
Manchester Gorton,Labour,Afzal Khan,Labour,Seat held,Afzal4Gorton,
Argyll and Bute,Scottish National,Brendan O'Hara,Scottish National,Seat held,BrendanOHaraMP,2942626846
Havant,Conservative,Alan Mak,Conservative,Seat held,AlanMakMP,2157036506
Pontypridd,Labour,Alex Davies-Jones,Labour,"Previous incumbent, Owen Smith, did not stand",AlexDaviesJones,
Ashford,Conservative,Damian Green,Conservative,Seat held,DamianGreen,422184091
Leeds North West,Labour Co-operative,Alex Sobel,Labour Co-operative,Seat held,alexsobel,15726425
Rother Valley,Labour,Alexander Stafford,Conservative,"Previous incumbent, Kevin Barron, did not stand",Alex_Stafford,
Rutland and Melton,Conservative,Alicia Kearns,Conservative,"Previous incumbent, Alan Duncan, did not stand",aliciakearns,
Banbury,Conservative,Victoria Prentis,Conservative,Seat held,VictoriaPrentis,2862527512
Glasgow Central,Scottish National,Alison Thewliss,Scottish National,Seat held,alisonthewliss,116459535
Barking,Labour,Margaret Hodge,Labour,Seat held,margarethodge,111411358
Barnsley Central,Labour,Dan Jarvis,Labour,Seat held,DanJarvisMP,240202308
Barnsley East,Labour,Stephanie Peacock,Labour,Seat held,Steph_Peacock,51062977
Dumfries and Galloway,Conservative,Alister Jack,Conservative,Seat held,none,none
"Ayr, Carrick and Cumnock",Conservative,Allan Dorans,Scottish National,"Previous incumbent, Bill Grant, did not stand",allandoransMP,
Stirling,Conservative,Alyn Smith,Scottish National,"Defeated incumbent, Stephen Kerr",AlynSmith,
Derby North,Independent[g],Amanda Solloway,Conservative,"Defeated incumbent, Chris Williamson",ASollowayUK,
East Dunbartonshire,Liberal Democrats,Amy Callaghan,Scottish National,"Defeated incumbent, Jo Swinson",AmyCallaghanSNP,
West Aberdeenshire and Kincardine,Conservative,Andrew Bowie,Conservative,Seat held,AndrewBowie_MP,
Battersea,Labour,Marsha de Cordova,Labour,Seat held,MarshadeCordova,189280488
Arundel and South Downs,Conservative,Andrew Griffith,Conservative,"Previous incumbent, Nick Herbert, did not stand",griffitha,
Denton and Reddish,Labour,Andrew Gwynne,Labour,Seat held,GwynneMP,
Sutton Coldfield,Conservative,Andrew Mitchell,Conservative,Seat held,none,none
Belfast East,DUP,Gavin Robinson,DUP,Seat held,GRobinsonDUP,249845912
Brigg and Goole,Conservative,Andrew Percy,Conservative,Seat held,none,none
Hammersmith,Labour,Andrew Slaughter,Labour,Seat held,hammersmithandy,66078636
Belfast West,Sinn FÃ©in,Paul Maskey,Sinn FÃ©in,Seat held,PaulMaskeyMP,80812413
Bermondsey and Old Southwark,Labour,Neil Coyle,Labour,Seat held,coyleneil,248186795
Berwick-upon-Tweed,Conservative,Anne-Marie Trevelyan,Conservative,Seat held,annietrev,20229729
Warrington South,Labour,Andy Carter,Conservative,"Defeated incumbent, Faisal Rashid",MrAndy_Carter,
Wallasey,Labour,Angela Eagle,Labour,Seat held,angelaeagle,124270074
Beverley and Holderness,Conservative,Graham Stuart,Conservative,Seat held,grahamstuart,14395178
Bexhill and Battle,Conservative,Huw Merriman,Conservative,Seat held,HuwMerriman,2902930059
Bexleyheath and Crayford,Conservative,David Evennett,Conservative,Seat held,DavidEvennettMP,17298241
Ashton-under-Lyne,Labour,Angela Rayner,Labour,Seat held,AngelaRayner,222748037
Guildford,Independent[h],Angela Richardson,Conservative,"Defeated incumbent, Anne Milton",AJRichardsonMP,
Birmingham Erdington,Labour,Jack Dromey,Labour,Seat held,JackDromeyMP,387054267
Na h-Eileanan an Iar,Scottish National,Angus MacNeil,Scottish National,Seat held,AngusMacNeilSNP,46609085
Birmingham Hodge Hill,Labour,Liam Byrne,Labour,Seat held,liambyrnemp,27212119
Birmingham Ladywood,Labour,Shabana Mahmood,Labour,Seat held,ShabanaMahmood,407741330
Cardiff North,Labour,Anna McMorrin,Labour,Seat held,AnnaMcMorrin,14590758
Birmingham Perry Barr,Labour,Khalid Mahmood,Labour,Seat held,khalid4PB,3030160806
Birmingham Selly Oak,Labour,Steve McCabe,Labour,Seat held,steve_mccabe,21408041
Birmingham Yardley,Labour,Jess Phillips,Labour,Seat held,jessphillips,20000725
Glasgow North East,Labour Co-operative,Anne McLaughlin,Scottish National,"Defeated incumbent, Paul Sweeney",annemclaughlin,
Blackburn,Labour,Kate Hollern,Labour,Seat held,Kate_HollernMP,191074455
Oxford East,Labour Co-operative,Anneliese Dodds,Labour Co-operative,Seat held,AnnelieseDodds,518660800
Blackpool North and Cleveleys,Conservative,Paul Maynard,Conservative,Seat held,PaulMaynardUK,15133808
South Cambridgeshire,Liberal Democrats[h],Anthony Browne,Conservative,"Previous incumbent, Heidi Allen, did not stand",ab4scambs,
Blaenau Gwent,Labour,Nick Smith,Labour,Seat held,BlaenauGwentMP,532351874
Blaydon,Labour,Liz Twist,Labour,Seat held,LizTwistMP,8.57641E+17
Totnes,Liberal Democrats[h],Anthony Mangnall,Conservative,"Defeated incumbent, Sarah Wollaston",anthonymangnal1,
Bognor Regis and Littlehampton,Conservative,Nick Gibb,Conservative,Seat held,NickGibbUK,3036280263
Burnley,Labour,Antony Higginbotham,Conservative,"Defeated incumbent, Julie Cooper",antony_hig,
Poplar and Limehouse,Labour,Apsana Begum,Labour,"Previous incumbent, Jim Fitzpatrick, did not stand",ApsanaBegumMP,
Bolton South East,Labour,Yasmin Qureshi,Labour,Seat held,YasminQureshiMP,72341341
Bolton West,Conservative,Chris Green,Conservative,Seat held,CGreenUK,1305528373
Bootle,Labour,Peter Dowd,Labour,Seat held,Peter_Dowd,883173469
Boston and Skegness,Conservative,Matt Warman,Conservative,Seat held,mattwarman,17685009
Worsley and Eccles South,Labour,Barbara Keeley,Labour,Seat held,KeeleyMP,331178901
Bournemouth East,Conservative,Tobias Ellwood,Conservative,Seat held,Tobias_Ellwood,482866177
Bournemouth West,Conservative,Conor Burns,Conservative,Seat held,ConorBurnsUK,388250401
Streatham,Liberal Democrats[g],Bell Ribeiro-Addy,Labour,"Previous incumbent, Chuka Umunna, did not stand",BellRibeiroAddy,
Bradford East,Labour,Imran Hussain,Labour,Seat held,Imran_HussainMP,2979642791
Bradford South,Labour,Judith Cummins,Labour,Seat held,JudithCummins,401568431
Mansfield,Conservative,Ben Bradley,Conservative,Seat held,BBradley_Mans,
Milton Keynes North,Conservative,Ben Everitt,Conservative,"Previous incumbent, Mark Lancaster, did not stand",Ben_Everitt,
Ceredigion,Plaid Cymru,Ben Lake,Plaid Cymru,Seat held,BenMLake,456537189
Runnymede and Weybridge,Independent[h],Ben Spencer,Conservative,"Previous incumbent, Philip Hammond, did not stand",DrBenSpencer,
Brent North,Labour,Barry Gardiner,Labour,Seat held,BarryGardiner,107722321
Wyre and Preston North,Conservative,Ben Wallace,Conservative,Seat held,BWallaceMP,
Brentwood and Ongar,Conservative,Alex Burghart,Conservative,Seat held,alexburghart,22474050
Cynon Valley,Labour,Beth Winter,Labour,"Previous incumbent, Ann Clwyd, did not stand",BethWinterMP,
North Herefordshire,Conservative,Bill Wiggin,Conservative,Seat held,BillWigginMP,
Beckenham,Conservative,Bob Stewart,Conservative,Seat held,none,none
Bassetlaw,Vacant[g],Brendan Clarke-Smith,Conservative,"Previous incumbent, John Mann, did not stand",Bren4Bassetlaw,
Brighton Pavilion,Green,Caroline Lucas,Green,Seat held,CarolineLucas,80802900
Bristol East,Labour,Kerry McCarthy,Labour,Seat held,KerryMP,18099795
Bristol North West,Labour,Darren Jones,Labour,Seat held,darrenpjones,20392734
Bristol South,Labour,Karin Smyth,Labour,Seat held,karinsmyth,485146783
Upper Bann,DUP,Carla Lockhart,DUP,"Previous incumbent, David Simpson, did not stand",carlalockhart,
Glasgow North West,Scottish National,Carol Monaghan,Scottish National,Seat held,CMonaghanSNP,2916227068
Bromley and Chislehurst,Conservative,Bob Neill,Conservative,Seat held,neill_bob,2271025438
Bromsgrove,Conservative,Sajid Javid,Conservative,Seat held,sajidjavid,20052899
Eastbourne,Liberal Democrats,Caroline Ansell,Conservative,"Defeated incumbent, Stephen Lloyd",caroline_ansell,
Broxbourne,Conservative,Charles Walker,Conservative,Seat held,CharlesWalkerMP,
Warrington North,Labour,Charlotte Nichols,Labour,"Previous incumbent, Helen Jones, did not stand",charlotte2153,
Truro and Falmouth,Conservative,Cherilyn Mackrory,Conservative,"Previous incumbent, Sarah Newton, did not stand",thisischerilyn,
Chesham and Amersham,Conservative,Sarah Green,Liberal Democrat,Elected after the death of Cheryl Gillan in 2021,SarahGreenLD,
Chesham and Amersham,Conservative,Cheryl Gillan,Conservative,Seat held. Died in 2021.,CherylGillan,
Newcastle upon Tyne Central,Labour,Chi Onwurah,Labour,Seat held,ChiOnwurah,
Heywood and Middleton,Labour,Chris Clarkson,Conservative,"Defeated incumbent, Liz McInnes",ChrisClarksonMP,
Bury St Edmunds,Conservative,Jo Churchill,Conservative,Seat held,Jochurchill_MP,2855674449
Caerphilly,Labour,Wayne David,Labour,Seat held,WayneDavid_MP,415449314
"Caithness, Sutherland and Easter Ross",Liberal Democrats,Jamie Stone,Liberal Democrats,Seat held,Jamie4North,8.68788E+17
Calder Valley,Conservative,Craig Whittaker,Conservative,Seat held,CWhittaker_MP,593650130
Camberwell and Peckham,Labour,Harriet Harman,Labour,Seat held,HarrietHarman,19977759
Epsom and Ewell,Conservative,Chris Grayling,Conservative,Seat held,none,none
Cambridge,Labour,Daniel Zeichner,Labour,Seat held,DanielZeichner,454933267
Cannock Chase,Conservative,Amanda Milling,Conservative,Seat held,amandamilling,381433782
West Dorset,Independent[h],Chris Loder,Conservative,"Previous incumbent, Oliver Letwin, did not stand",chrisloder,
Cardiff Central,Labour,Jo Stevens,Labour,Seat held,JoStevensLabour,1328897358
Bury South,Independent[g],Christian Wakeford,Conservative,"Defeated incumbent, Ivan Lewis",Christian4BuryS,
Cardiff South and Penarth,Labour Co-operative,Stephen Doughty,Labour Co-operative,Seat held,SDoughtyMP,622426905
Cardiff West,Labour,Kevin Brennan,Labour,Seat held,KevinBrennanMP,21746513
Carlisle,Conservative,John Stevenson,Conservative,Seat held,John4Carlisle,222419520
Edinburgh West,Liberal Democrats,Christine Jardine,Liberal Democrats,Seat held,CajardineMP,
Carmarthen West and South Pembrokeshire,Conservative,Simon Hart,Conservative,Seat held,Simonhartmp,1442028488
Christchurch,Conservative,Christopher Chope,Conservative,Seat held,none,none
East Surrey,Liberal Democrats[h],Claire Coutinho,Conservative,"Previous incumbent, Sam Gyimah, did not stand",ClaireCoutinho,
Central Ayrshire,Scottish National,Philippa Whitford,Scottish National,Seat held,Dr_PhilippaW,2932558313
Belfast South,DUP,Claire Hanna,SDLP,"Defeated incumbent, Emma Little-Pengelly",ClaireHanna,
Leicester East,Labour,Claudia Webbe,Labour,"Previous incumbent, Keith Vaz, did not stand",ClaudiaWebbe,
Sheffield South East,Labour,Clive Betts,Labour,Seat held,none,none
Eltham,Labour,Clive Efford,Labour,Seat held,CliveEfford,
Chatham and Aylesford,Conservative,Tracey Crouch,Conservative,Seat held,tracey_crouch,62613162
Cheadle,Conservative,Mary Robinson,Conservative,Seat held,MaryRobinson01,1048278487
Chelmsford,Conservative,Vicky Ford,Conservative,Seat held,vickyford,14691032
Chelsea and Fulham,Conservative,Greg Hands,Conservative,Seat held,GregHands,125270251
Cheltenham,Conservative,Alex Chalk,Conservative,Seat held,AlexChalkChelt,1407768792
Coventry North East,Labour,Colleen Fletcher,Labour,Seat held,none,none
Chesterfield,Labour,Toby Perkins,Labour,Seat held,tobyperkinsmp,61733092
Chichester,Conservative,Gillian Keegan,Conservative,Seat held,GillianKeegan,2986235404
Foyle,Sinn FÃ©in,Colum Eastwood,SDLP,"Defeated incumbent, Elisha McCallion",columeastwood,
Chippenham,Conservative,Michelle Donelan,Conservative,Seat held,michelledonelan,116864791
Montgomeryshire,Conservative,Craig Williams,Conservative,"Previous incumbent, Glyn Davies, did not stand",craig4monty,
Chorley,Speaker[g],Lindsay Hoyle,Speaker,Seat held,LindsayHoyle_MP,609096352
St Albans,Conservative,Daisy Cooper,Liberal Democrats,"Defeated incumbent, Anne Main",libdemdaisy,
Southport,Conservative,Damien Moore,Conservative,Seat held,damienmooremp,
City of Chester,Labour,Chris Matheson,Labour,Seat held,ChrisM4Chester,2472200292
Central Suffolk and North Ipswich,Conservative,Dan Poulter,Conservative,Seat held,drdanpoulter,
Clacton,Conservative,Giles Watling,Conservative,Seat held,GilesWatling,37891233
Cleethorpes,Conservative,Martin Vickers,Conservative,Seat held,MartinVickers,831250927
Shrewsbury and Atcham,Conservative,Daniel Kawczynski,Conservative,Seat held,none,none
Clwyd West,Conservative,David Jones,Conservative,Seat held,DavidJonesMP,16970757
Devizes,Conservative,Danny Kruger,Conservative,"Previous incumbent, Claire Perry, did not stand",danny__kruger,
Broxtowe,Change UK[h],Darren Henry,Conservative,"Defeated incumbent, Anna Soubry",DarrenG_Henry,
Angus,Conservative,Dave Doogan,Scottish National,"Defeated incumbent, Kirstene Hair",davedoogansnp,
Southend West,Conservative,Anna Firth,Conservative,Elected in 2022 after the death of David Amess in 2021.,anna_firth,
Southend West,Conservative,David Amess,Conservative,Seat held,amessd_southend,
Monmouth,Conservative,David Davies,Conservative,Seat held,davidtcdavies,
Corby,Conservative,Tom Pursglove,Conservative,Seat held,VotePursglove,1418358025
Banff and Buchan,Conservative,David Duguid,Conservative,Seat held,david_duguid,
Wantage,Conservative,David Johnston,Conservative,"Previous incumbent, Ed Vaizey, did not stand",david4wantage,
"Ruislip, Northwood and Pinner",Conservative,David Simmonds,Conservative,"Previous incumbent, Nick Hurd, did not stand",DSimmonds_RNP,
Somerton and Frome,Conservative,David Warburton,Conservative,Seat held,djwarburton,
Brent Central,Labour,Dawn Butler,Labour,Seat held,dawnbutlerbrent,
Croydon Central,Labour,Sarah Jones,Labour,Seat held,LabourSJ,1337725045
Croydon North,Labour Co-operative,Steve Reed,Labour Co-operative,Seat held,SteveReedMP,23749162
Croydon South,Conservative,Chris Philp,Conservative,Seat held,CPhilpOfficial,89307992
"Cumbernauld, Kilsyth and Kirkintilloch East",Scottish National,Stuart McDonald,Scottish National,Seat held,Stuart_McDonald,211883434
Watford,Conservative,Dean Russell,Conservative,"Previous incumbent, Richard Harrington, did not stand",dean4watford,
Dagenham and Rainham,Labour,Jon Cruddas,Labour,Seat held,JonCruddas_1,499781930
Bishop Auckland,Labour,Dehenna Davison,Conservative,"Defeated incumbent, Helen Goodman",DehennaDavison,
Dartford,Conservative,Gareth Johnson,Conservative,Seat held,GarethJohnsonMP,3202369007
Daventry,Conservative,Chris Heaton-Harris,Conservative,Seat held,chhcalling,80943076
Kingston upon Hull North,Labour,Diana Johnson,Labour,Seat held,DianaJohnsonMP,
Esher and Walton,Conservative,Dominic Raab,Conservative,Seat held,DominicRaab,
Dunfermline and West Fife,Scottish National,Douglas Chapman,Scottish National,Seat held,dougchapmansnp,
"Inverness, Nairn, Badenoch and Strathspey",Scottish National,Drew Hendry,Scottish National,Seat held,drewhendrysnp,
North Norfolk,Liberal Democrats,Duncan Baker,Conservative,"Previous incumbent, Norman Lamb, did not stand",duncancbaker,
Charnwood,Conservative,Edward Argar,Conservative,Seat held,none,none
Kingston and Surbiton,Liberal Democrats,Edward Davey,Liberal Democrats,Seat held,EdwardJDavey,
Eddisbury,Liberal Democrats[h],Edward Timpson,Conservative,"Defeated incumbent, Antoinette Sandbach",edwardtimpson,
Epping Forest,Conservative,Eleanor Laing,Conservative,Seat held,eleanor4epping,
Doncaster North,Labour,Ed Miliband,Labour,Seat held,Ed_Miliband,61781260
South West Norfolk,Conservative,Elizabeth Truss,Conservative,Seat held,trussliz,
Carshalton and Wallington,Liberal Democrats,Elliot Colburn,Conservative,"Defeated incumbent, Tom Brake",ElliotColburn,
Dudley South,Conservative,Mike Wood,Conservative,Seat held,mikejwood,14728535
Brecon and Radnorshire,Liberal Democrats[i],Fay Jones,Conservative,"Defeated incumbent, Jane Dodds",none,none
Kensington,Labour,Felicity Buchan,Conservative,"Defeated incumbent, Emma Dent Coad",FelicityBuchan,
"Dumfriesshire, Clydesdale and Tweeddale",Conservative,David Mundell,Conservative,Seat held,DavidMundellDCT,19589280
Dundee East,Scottish National,Stewart Hosie,Scottish National,Seat held,StewartHosieSNP,219298196
Dundee West,Scottish National,Chris Law,Scottish National,Seat held,ChrisLawSNP,2205165174
Enfield North,Change UK[g],Feryal Clark,Labour,"Previous incumbent, Joan Ryan, did not stand",FeryalClark,
Congleton,Conservative,Fiona Bruce,Conservative,Seat held,UK_FoRBEnvoy,
Ealing Central and Acton,Labour,Rupa Huq,Labour,Seat held,RupaHuq,706747004
Putney,Independent[h],Fleur Anderson,Labour,"Previous incumbent, Justine Greening, did not stand",PutneyFleur,
Ealing Southall,Labour,Virendra Sharma,Labour,Seat held,VirendraSharma,23452598
Easington,Labour,Grahame Morris,Labour,Seat held,grahamemorris,58821256
Meon Valley,Conservative,Flick Drummond,Conservative,"Previous incumbent, George Hollingbery, did not stand",none,none
Vauxhall,Labour,Florence Eshalomi,Labour Co-operative,"Previous incumbent, Kate Hoey, did not stand",FloEshalomi,
South West Hertfordshire,Independent[h],Gagan Mohindra,Conservative,"Defeated incumbent, David Gauke",gaganmohindra,
East Ham,Labour,Stephen Timms,Labour,Seat held,stephenctimms,102107018
East Hampshire,Conservative,Damian Hinds,Conservative,Seat held,DamianHinds,14561015
"East Kilbride, Strathaven and Lesmahagow",Scottish National,Lisa Cameron,Scottish National,Seat held,DrLisaCameronMP,2801867041
Orpington,Conservative,Gareth Bacon,Conservative,"Previous incumbent, Jo Johnson, did not stand",garethbaconmp,
Grantham and Stamford,Independent[h],Gareth Davies,Conservative,"Previous incumbent, Nick Boles, did not stand",garethdavies_mp,
Birmingham Northfield,Labour,Gary Sambrook,Conservative,"Defeated incumbent, Richard Burden",GarySambrook89,
South West Devon,Conservative,Gary Streeter,Conservative,Seat held,garystreeterSWD,
Paisley and Renfrewshire North,Scottish National,Gavin Newlands,Scottish National,Seat held,GavNewlandsSNP,
East Yorkshire,Conservative,Greg Knight,Conservative,Seat held,GregKnight,15453062
The Cotswolds,Conservative,Geoffrey Clifton-Brown,Conservative,Seat held,none,none
Torridge and West Devon,Conservative,Geoffrey Cox,Conservative,Seat held,Geoffrey_Cox,
Camborne and Redruth,Conservative,George Eustice,Conservative,Seat held,none,none
Edinburgh East,Scottish National,Tommy Sheppard,Scottish National,Seat held,TommySheppard,280574046
Edinburgh North and Leith,Scottish National,Deidre Brock,Scottish National,Seat held,DeidreBrock,425774290
Knowsley,Labour,George Howarth,Labour,Seat held,none,none
Merthyr Tydfil and Rhymney,Labour,Gerald Jones,Labour,Seat held,geraldjoneslab,
Sheffield Brightside and Hillsborough,Labour,Gill Furniss,Labour,Seat held,gillfurnissmp,
Sittingbourne and Sheppey,Conservative,Gordon Henderson,Conservative,Seat held,none,none
Ellesmere Port and Neston,Labour,Justin Madders,Labour,Seat held,justinmadders,2999868527
Elmet and Rothwell,Conservative,Alec Shelbrooke,Conservative,Seat held,AlecShelbrooke,130092487
Altrincham and Sale West,Conservative,Graham Brady,Conservative,Seat held,SirGrahamBrady,
Blackley and Broughton,Labour,Graham Stringer,Labour,Seat held,none,none
Enfield Southgate,Labour,Bambos Charalambous,Labour,Seat held,Bambos_MP,102023574
Buckingham,Vacant[j],Greg Smith,Conservative,"Previous incumbent, John Bercow, did not stand",gregsmith_uk,
East Londonderry,DUP,Gregory Campbell,DUP,Seat held,none,none
Livingston,Scottish National,Hannah Bardell,Scottish National,Seat held,hannahb4livimp,
Dulwich and West Norwood,Labour,Helen Hayes,Labour,Seat held,helenhayes_,
Crawley,Conservative,Henry Smith,Conservative,Seat held,HenrySmithUK,
Exeter,Labour,Ben Bradshaw,Labour,Seat held,BenPBradshaw,24211594
Falkirk,Scottish National,John McNally,Scottish National,Seat held,JohnMcNallySNP,3037079585
Fareham,Conservative,Suella Braverman,Conservative,Seat held,SuellaBraverman,1722829178
Faversham and Mid Kent,Conservative,Helen Whately,Conservative,Seat held,Helen_Whately,130280613
Scunthorpe,Labour,Holly Mumby-Croft,Conservative,"Defeated incumbent, Nic Dakin",none,none
Fermanagh and South Tyrone,Sinn FÃ©in,Michelle Gildernew,Sinn FÃ©in,Seat held,gildernewm,127619354
Filton and Bradley Stoke,Conservative,Jack Lopresti,Conservative,Seat held,JackLopresti,1067829343
Arfon,Plaid Cymru,Hywel Williams,Plaid Cymru,Seat held,hywelplaidcymru,
Folkestone and Hythe,Conservative,Damian Collins,Conservative,Seat held,DamianCollins,14758838
Forest of Dean,Conservative,Mark Harper,Conservative,Seat held,Mark_J_Harper,429751008
Chingford and Woodford Green,Conservative,Iain Duncan Smith,Conservative,Seat held,MPIainDS,
"Ross, Skye and Lochaber",Scottish National,Ian Blackford,Scottish National,Seat held,Ianblackford_MP,
Gainsborough,Conservative,Edward Leigh,Conservative,Seat held,EdwardLeighMP,474180693
Garston and Halewood,Labour,Maria Eagle,Labour,Seat held,meaglemp,192935794
Liverpool West Derby,Labour Co-operative,Ian Byrne,Labour,"Previous incumbent, Stephen Twigg, did not stand",IanByrneMP,
Blyth Valley,Labour,Ian Levy,Conservative,"Previous incumbent, Ronnie Campbell, did not stand",none,none
Gillingham and Rainham,Conservative,Rehman Chishti,Conservative,Seat held,Rehman_Chishti,2863865170
Bridgwater and West Somerset,Conservative,Ian Liddell-Grainger,Conservative,Seat held,none,none
Glasgow East,Scottish National,David Linden,Scottish National,Seat held,DavidLinden,22505462
Glasgow North,Scottish National,Patrick Grady,Scottish National,Seat held,GradySNP,3000261466
Gateshead,Labour,Ian Mearns,Labour,Seat held,IanMearnsMP,
Edinburgh South,Labour,Ian Murray,Labour,Seat held,IanMurrayMP,
Glasgow South,Scottish National,Stewart McDonald,Scottish National,Seat held,StewartMcDonald,19608199
Glasgow South West,Scottish National,Chris Stephens,Scottish National,Seat held,ChrisStephens,244540519
Glenrothes,Scottish National,Peter Grant,Scottish National,Seat held,PeterGrantMP,3028314515
Gloucester,Conservative,Richard Graham,Conservative,Seat held,RichardGrahamUK,1530621674
North Antrim,DUP,Ian Paisley,DUP,Seat held,ianpaisleymp,
Gosport,Conservative,Caroline Dinenage,Conservative,Seat held,cj_dinenage,383238347
Wakefield,Conservative,Simon Lightwood,Labour (Co-op),Elected after the Imran Ahmad Khan was found guilty of crime in 2022.,simonlightwood,
Wakefield,Labour,Imran Ahmad Khan,Conservative,"Defeated incumbent, Mary Creagh. Found guilty of crime in 2022.",imranahmadkhan,
Stoke-on-Trent South,Conservative,Jack Brereton,Conservative,Seat held,none,none
North East Somerset,Conservative,Jacob Rees-Mogg,Conservative,Seat held,Jacob_Rees_Mogg,
Redcar,Labour Co-operative,Jacob Young,Conservative,"Defeated incumbent, Anna Turley",jacobyoungmp,
Great Yarmouth,Conservative,Brandon Lewis,Conservative,Seat held,BrandonLewis,16884084
Greenwich and Woolwich,Labour,Matthew Pennycook,Labour,Seat held,mtpennycook,21084719
South Suffolk,Conservative,James Cartlidge,Conservative,Seat held,jcartlidgemp,
Hackney North and Stoke Newington,Labour,Diane Abbott,Labour,Seat held,HackneyAbbott,153810216
Braintree,Conservative,James Cleverly,Conservative,Seat held,jamescleverly,
Halesowen and Rowley Regis,Conservative,James Morris,Conservative,Seat held,JamesMorris,155892458
Halifax,Labour,Holly Lynch,Labour,Seat held,HollyLynch5,382181117
Haltemprice and Howden,Conservative,David Davis,Conservative,Seat held,DavidDavisMP,2797521996
Halton,Labour,Derek Twigg,Labour,Seat held,DerekTwiggMP,2245759171
Bury North,Labour,James Daly,Conservative,"Defeated incumbent, James Frith",JamesDalyMP,
Hampstead and Kilburn,Labour,Tulip Siddiq,Labour,Seat held,TulipSiddiq,113491007
Harborough,Conservative,Neil O'Brien,Conservative,Seat held,NeilDotObrien,64679759
Vale of Clwyd,Labour,James Davies,Conservative,"Defeated incumbent, Chris Ruane",JamesDavies,
Harrogate and Knaresborough,Conservative,Andrew Jones,Conservative,Seat held,AJonesMP,806388620
Harrow East,Conservative,Bob Blackman,Conservative,Seat held,BobBlackman,805185025
Harrow West,Labour Co-operative,Gareth Thomas,Labour Co-operative,Seat held,GarethThomasMP,219976700
Leigh,Labour Co-operative,James Grundy,Conservative,"Defeated incumbent, Joanne Platt",none,none
Harwich and North Essex,Conservative,Bernard Jenkin,Conservative,Seat held,bernardjenkin,222762589
Ealing North,Labour,James Murray,Labour Co-operative,"Previous incumbent, Stephen Pound, did not stand",jamesmurray_ldn,
Bracknell,Liberal Democrats[h],James Sunderland,Conservative,"Previous incumbent, Phillip Lee, did not stand",jamessunderl,
Hayes and Harlington,Labour,John McDonnell,Labour,Seat held,johnmcdonnellMP,77234984
Hazel Grove,Conservative,William Wragg,Conservative,Seat held,William_Wragg,1606157958
North West Norfolk,Conservative,James Wild,Conservative,"Previous incumbent, Henry Bellingham, did not stand",jamesowild,
Hemsworth,Labour,Jon Trickett,Labour,Seat held,jon_trickett,191807697
Hendon,Conservative,Matthew Offord,Conservative,Seat held,Offord4Hendon,236395049
Henley,Conservative,John Howell,Conservative,Seat held,JHowellUK,993161678
Hereford and South Herefordshire,Conservative,Jesse Norman,Conservative,Seat held,Jesse_Norman,78702900
Bridgend,Labour,Jamie Wallis,Conservative,"Defeated incumbent, Madeleine Moon",JamieWallisMP,
Loughborough,Conservative,Jane Hunt,Conservative,"Previous incumbent, Nicky Morgan, did not stand",JaneMHunt,
Hexham,Conservative,Guy Opperman,Conservative,Seat held,GuyOpperman,143386976
Wolverhampton North East,Labour,Jane Stevenson,Conservative,"Defeated incumbent, Emma Reynolds",Jane_Stevenson_,
Lewisham East,Labour,Janet Daby,Labour,Seat held,JanetDaby,
Hitchin and Harpenden,Conservative,Bim Afolami,Conservative,Seat held,BimAfolami,311956971
Holborn and St Pancras,Labour,Keir Starmer,Labour,Seat held,Keir_Starmer,2425571623
Hornchurch and Upminster,Conservative,Julia Lopez,Conservative,Seat held,JuliaLopezMP,8.5934E+17
Hornsey and Wood Green,Labour,Catherine West,Labour,Seat held,CatherineWest1,351812038
Colne Valley,Labour,Jason McCartney,Conservative,"Defeated incumbent, Thelma Walker",JasonMcCartney,
Houghton and Sunderland South,Labour,Bridget Phillipson,Labour,Seat held,bphillipsonMP,19295262
Hove,Labour,Peter Kyle,Labour,Seat held,peterkyle,21769986
Huddersfield,Labour Co-operative,Barry Sheerman,Labour Co-operative,Seat held,BarrySheerman,250091875
Huntingdon,Conservative,Jonathan Djanogly,Conservative,Seat held,JDjanogly,131120978
Horsham,Conservative,Jeremy Quin,Conservative,Seat held,none,none
Ilford North,Labour,Wes Streeting,Labour,Seat held,wesstreeting,20362684
Kenilworth and Southam,Conservative,Jeremy Wright,Conservative,Seat held,none,none
Inverclyde,Scottish National,Ronnie Cowan,Scottish National,Seat held,ronniecowan,132490359
Broadland,Conservative,Jerome Mayhew,Conservative,"Previous incumbent, Keith Simpson, did not stand",jeromemayhew,
Newport East,Labour,Jessica Morden,Labour,Seat held,jessicamordenmp,
Isle of Wight,Conservative,Bob Seely,Conservative,Seat held,IoWBobSeely,7.13022E+17
Islington North,Labour,Jeremy Corbyn,Labour,Seat held,jeremycorbyn,117777690
Islington South and Finsbury,Labour,Emily Thornberry,Labour,Seat held,EmilyThornberry,164226176
Islwyn,Labour Co-operative,Chris Evans,Labour Co-operative,Seat held,Chris_EvansMP,3128468829
Strangford,DUP,Jim Shannon,DUP,Seat held,jimshannonmp,
Stoke-on-Trent Central,Labour Co-operative,Jo Gideon,Conservative,"Defeated incumbent, Gareth Snell",jogideon,
Edinburgh South West,Scottish National,Joanna Cherry,Scottish National,Seat held,joannaccherry,
Basildon and Billericay,Conservative,John Baron,Conservative,Seat held,none,none
Belfast North,DUP,John Finucane,Sinn FÃ©in,"Defeated incumbent, Nigel Dodds",johnfinucane,
Kilmarnock and Loudoun,Scottish National,Alan Brown,Scottish National,Seat held,AlanBrownSNP,3011043981
South Holland and The Deepings,Conservative,John Hayes,Conservative,Seat held,none,none
Kingston upon Hull East,Labour,Karl Turner,Labour,Seat held,KarlTurnerMP,432396682
"Berwickshire, Roxburgh and Selkirk",Conservative,John Lamont,Conservative,Seat held,John2Win,
Kingston upon Hull West and Hessle,Labour,Emma Hardy,Labour,Seat held,EmmaHardyMP,499590887
Kingswood,Conservative,Chris Skidmore,Conservative,Seat held,CSkidmoreUK,436576452
Ochil and South Perthshire,Conservative,John Nicolson,Scottish National,"Defeated incumbent, Luke Graham",mrjohnnicolson,
Leicester South,Labour Co-operative,Jon Ashworth,Labour Co-operative,Seat held,JonAshworth,
Lagan Valley,DUP,Jeffrey Donaldson,DUP,Seat held,J_Donaldson_MP,277499481
Lanark and Hamilton East,Scottish National,Angela Crawley,Scottish National,Seat held,AngelaCrawley30,389421264
Lancaster and Fleetwood,Labour,Cat Smith,Labour,Seat held,CatSmithMP,31756041
Leeds Central,Labour,Hilary Benn,Labour,Seat held,hilarybennmp,408454349
Leeds East,Labour,Richard Burgon,Labour,Seat held,RichardBurgon,545081356
Leeds North East,Labour,Fabian Hamilton,Labour,Seat held,FabianLeedsNE,8.59433E+17
Carmarthen East and Dinefwr,Plaid Cymru,Jonathan Edwards,Plaid Cymru,Seat held,JonathanPlaid,
Leeds West,Labour,Rachel Reeves,Labour,Seat held,RachelReevesMP,34374472
Stoke-on-Trent North,Labour,Jonathan Gullis,Conservative,"Defeated incumbent, Ruth Smeeth",jegullis,
Woking,Conservative,Jonathan Lord,Conservative,Seat held,JonathanLord,
Leicester West,Labour,Liz Kendall,Labour,Seat held,leicesterliz,105800463
Beaconsfield,Independent[h],Joy Morrissey,Conservative,"Defeated incumbent, Dominic Grieve",joymorrissey,
Lewes,Conservative,Maria Caulfield,Conservative,Seat held,mariacaulfield,207697553
New Forest East,Conservative,Julian Lewis,Conservative,Seat held,none,none
Lewisham West and Penge,Labour,Ellie Reeves,Labour,Seat held,elliereeves,52124856
York Outer,Conservative,Julian Sturdy,Conservative,Seat held,JulianSturdy,
Leyton and Wanstead,Labour,John Cryer,Labour,Seat held,JohnCryerMP,2979904613
Hertford and Stortford,Conservative,Julie Marson,Conservative,"Previous incumbent, Mark Prisk, did not stand",JulieMarsonMP,
Staffordshire Moorlands,Conservative,Karen Bradley,Conservative,Seat held,none,none
Linlithgow and East Falkirk,Scottish National,Martyn Day,Scottish National,Seat held,MartynDaySNP,92091625
Lincoln,Labour,Karl McCartney,Conservative,"Defeated incumbent, Karen Lee",karlmccartney,
Liverpool Walton,Labour,Dan Carden,Labour,Seat held,DanCardenMP,8.60188E+17
Stretford and Urmston,Labour,Kate Green,Labour,Seat held,KateGreenSU,
Burton,Conservative,Kate Griffiths,Conservative,"Previous incumbent, Andrew Griffiths, did not stand",none,none
Edmonton,Labour Co-operative,Kate Osamor,Labour Co-operative,Seat held,kateosamor,
Llanelli,Labour,Nia Griffith,Labour,Seat held,NiaGriffithMP,481120639
Jarrow,Independent[g],Kate Osborne,Labour,"Previous incumbent, Stephen Hepburn, did not stand",KateOsborneMP,
South Ribble,Conservative,Katherine Fletcher,Conservative,"Previous incumbent, Seema Kennedy, did not stand",K_Fletcher_MP,
Ludlow,Conservative,Philip Dunne,Conservative,Seat held,Dunne4Ludlow,1650144662
East Lothian,Labour,Kenny MacAskill,Scottish National,"Defeated incumbent, Martin Whitfield",KennyMacAskill,
Crewe and Nantwich,Labour,Kieran Mullan,Conservative,"Defeated incumbent, Laura Smith",KieranMullanUK,
Macclesfield,Conservative,David Rutley,Conservative,Seat held,DavidRutley,606306570
Maidenhead,Conservative,Theresa May,Conservative,Seat held,theresa_may,7.47807E+17
Maidstone and The Weald,Conservative,Helen Grant,Conservative,Seat held,HelenGrantMP,24727170
Makerfield,Labour,Yvonne Fovargue,Labour,Seat held,Y_FovargueMP,568174146
Maldon,Conservative,John Whittingdale,Conservative,Seat held,JWhittingdale,129569947
Manchester Central,Labour Co-operative,Lucy Powell,Labour Co-operative,Seat held,LucyMPowell,32439211
Liverpool Riverside,Independent[f],Kim Johnson,Labour,"Previous incumbent, Louise Ellman, did not stand",KimJohnsonMP,
Manchester Withington,Labour,Jeff Smith,Labour,Seat held,JeffSmithetc,18951643
East Renfrewshire,Conservative,Kirsten Oswald,Scottish National,"Defeated incumbent, Paul Masterton",kirstenoswald,
Newbury,Conservative,Laura Farris,Conservative,"Previous incumbent, Richard Benyon, did not stand",Laura__Farris,
Sevenoaks,Conservative,Laura Trott,Conservative,"Previous incumbent, Michael Fallon, did not stand",none,none
Oxford West and Abingdon,Liberal Democrats,Layla Moran,Liberal Democrats,Seat held,laylamoran,
Mid Bedfordshire,Conservative,Nadine Dorries,Conservative,Seat held,NadineDorries,457060718
Mid Derbyshire,Conservative,Pauline Latham,Conservative,Seat held,Pauline_Latham,19087569
Mid Dorset and North Poole,Conservative,Michael Tomlinson,Conservative,Seat held,Michael4MDNP,200519122
Mid Norfolk,Conservative,George Freeman,Conservative,Seat held,GeorgeFreemanMP,101712079
Mid Sussex,Conservative,Mims Davies,Conservative,"Previous incumbent, Nicholas Soames, did not stand. Davies was previously MP for Eastleigh",mimsdavies,236588290
Mid Ulster,Sinn FÃ©in,Francie Molloy,Sinn FÃ©in,Seat held,FrancieMolloy,1006402848
Mid Worcestershire,Conservative,Nigel Huddleston,Conservative,Seat held,HuddlestonNigel,568249574
Middlesbrough,Labour,Andy McDonald,Labour,Seat held,AndyMcDonaldMP,927480949
Middlesbrough South and East Cleveland,Conservative,Simon Clarke,Conservative,Seat held,SimonClarkeMP,1715832776
Ashfield,Labour,Lee Anderson,Conservative,"Previous incumbent, Gloria de Piero, did not stand",none,none
Great Grimsby,Labour,Lia Nici,Conservative,"Defeated incumbent, Melanie Onn",lia_nici,
Milton Keynes South,Conservative,Iain Stewart,Conservative,Seat held,iainastewart,100260784
Mitcham and Morden,Labour,Siobhain McDonagh,Labour,Seat held,Siobhain_Mc,580749365
Nottingham South,Labour,Lilian Greenwood,Labour,Seat held,LilianGreenwood,
Dwyfor Meirionnydd,Plaid Cymru,Liz Saville-Roberts,Plaid Cymru,Seat held,lsrplaid,
Brighton Kemptown,Labour Co-operative,Lloyd Russell-Moyle,Labour Co-operative,Seat held,lloyd_rm,
Moray,Conservative,Douglas Ross,Conservative,Seat held,Douglas4Moray,2890801661
Morecambe and Lunesdale,Conservative,David Morris,Conservative,Seat held,davidmorrisml,187632184
Morley and Outwood,Conservative,Andrea Jenkyns,Conservative,Seat held,andreajenkyns,1350441445
Motherwell and Wishaw,Scottish National,Marion Fellows,Scottish National,Seat held,marionfellows,79550633
Bosworth,Conservative,Luke Evans,Conservative,"Previous incumbent, David Tredinnick, did not stand",drlukeevans,
Neath,Labour Co-operative,Christina Rees,Labour Co-operative,Seat held,Rees4Neath,1351389578
West Ham,Labour,Lyn Brown,Labour,Seat held,lynbrownmp,
New Forest West,Conservative,Desmond Swayne,Conservative,Seat held,DesmondSwayne,1633543440
Newark,Conservative,Robert Jenrick,Conservative,Seat held,RobertJenrick,2323710210
Erewash,Conservative,Maggie Throup,Conservative,Seat held,maggie_erewash,
Dudley North,Independent[g],Marco Longhi,Conservative,"Previous incumbent, Ian Austin, did not stand",marcolonghi4dn,
Derby South,Labour,Margaret Beckett,Labour,Seat held,none,none
Newcastle upon Tyne North,Labour,Catherine McKinnell,Labour,Seat held,CatMcKinnell,77808680
Rutherglen and Hamilton West,Labour Co-operative,Margaret Ferrier,Scottish National,"Defeated incumbent, Gerard Killen",MargaretFerrier,
Basingstoke,Conservative,Maria Miller,Conservative,Seat held,MariaMillerUK,
Dewsbury,Labour,Mark Eastwood,Conservative,"Defeated incumbent, Paula Sherriff",mark4dewsbury,
Newry and Armagh,Sinn FÃ©in,Mickey Brady,Sinn FÃ©in,Seat held,MickeyBradySF,2982986710
Newton Abbot,Conservative,Anne Marie Morris,Conservative,Seat held,AnneMarieMorris,80968760
"Normanton, Pontefract and Castleford",Labour,Yvette Cooper,Labour,Seat held,YvetteCooperMP,328634628
Bolsover,Labour,Mark Fletcher,Conservative,"Defeated incumbent, Dennis Skinner",none,none
North Ayrshire and Arran,Scottish National,Patricia Gibson,Scottish National,Seat held,PGibsonSNP,3030111953
North Cornwall,Conservative,Scott Mann,Conservative,Seat held,scottmann4NC,112761860
Rayleigh and Wickford,Conservative,Mark Francois,Conservative,Seat held,none,none
North Dorset,Conservative,Simon Hoare,Conservative,Seat held,Simon4NDorset,3012159189
Workington,Labour,Mark Jenkinson,Conservative,"Defeated incumbent, Sue Hayman",markjenkinsonmp,
North Durham,Labour,Kevan Jones,Labour,Seat held,KevanJonesMP,815306454
Bolton North East,Labour,Mark Logan,Conservative,"Defeated incumbent, David Crausby",Mark_Logan_MP,
North East Cambridgeshire,Conservative,Steve Barclay,Conservative,Seat held,SteveBarclay,269788397
North East Derbyshire,Conservative,Lee Rowley,Conservative,Seat held,Lee4NED,1216506050
Fylde,Conservative,Mark Menzies,Conservative,Seat held,none,none
West Dunbartonshire,Scottish National,Martin Docherty-Hughes,Scottish National,Seat held,martinjdocherty,
North East Hertfordshire,Conservative,Oliver Heald,Conservative,Seat held,OliverHealdUK,206263631
City of Durham,Labour,Mary Foy,Labour,"Previous incumbent, Roberta Blackman-Woods, did not stand",marykfoy,
North Tyneside,Labour,Mary Glindon,Labour,Seat held,GlindonMary,
Stockton South,Labour,Matt Vickers,Conservative,"Defeated incumbent, Paul Williams",Matt_VickersMP,
North Shropshire,Conservative,Owen Paterson,Conservative,Seat held,OwenPaterson,2660755152
North Somerset,Conservative,Liam Fox,Conservative,Seat held,LiamFox,532241033
North Swindon,Conservative,Justin Tomlinson,Conservative,Seat held,JustinTomlinson,250311545
Warwick and Leamington,Labour,Matt Western,Labour,Seat held,mattwestern_,
West Suffolk,Conservative,Matthew Hancock,Conservative,Seat held,matthancock,
North Warwickshire,Conservative,Craig Tracey,Conservative,Seat held,craig4nwarks,140020746
Hackney South and Shoreditch,Labour Co-operative,Meg Hillier,Labour Co-operative,Seat held,Meg_HillierMP,
Central Devon,Conservative,Mel Stride,Conservative,Seat held,meljstride,
North West Hampshire,Conservative,Kit Malthouse,Conservative,Seat held,kitmalthouse,19407599
North West Leicestershire,Conservative,Andrew Bridgen,Conservative,Seat held,ABridgen,309587728
Paisley and Renfrewshire South,Scottish National,Mhairi Black,Scottish National,Seat held,MhairiBlack,
North Wiltshire,Conservative,James Gray,Conservative,Seat held,JGray,86192099
Northampton North,Conservative,Michael Ellis,Conservative,Seat held,Michael_Ellis1,19858924
Northampton South,Conservative,Andrew Lewer,Conservative,Seat held,ALewerMBE,3320682953
Norwich North,Conservative,Chloe Smith,Conservative,Seat held,NorwichChloe,386776248
Norwich South,Labour,Clive Lewis,Labour,Seat held,labourlewis,36924726
Lichfield,Conservative,Michael Fabricant,Conservative,Seat held,Mike_Fabricant,
Nottingham North,Labour Co-operative,Alex Norris,Labour Co-operative,Seat held,AlexNorrisNN,20142835
Birkenhead,Birkenhead Social Justice[g],Mick Whitley,Labour,"Defeated incumbent, Frank Field",MickWhitleyMP,
Nuneaton,Conservative,Marcus Jones,Conservative,Seat held,Marcus4Nuneaton,1469686752
Finchley and Golders Green,Conservative,Mike Freer,Conservative,Seat held,MinFreerHMG,
Ogmore,Labour,Chris Elmore,Labour,Seat held,CPJElmore,169898513
Old Bexley and Sidcup,Conservative,James Brokenshire,Conservative,Seat held,JBrokenshire,92498317
Oldham East and Saddleworth,Labour,Debbie Abrahams,Labour,Seat held,Debbie_abrahams,225857392
Oldham West and Royton,Labour Co-operative,Jim McMahon,Labour Co-operative,Seat held,JimfromOldham,154661114
Orkney and Shetland,Liberal Democrats,Alistair Carmichael,Liberal Democrats,Seat held,amcarmichaelMP,91786287
Hartlepool,Labour,Jill Mortimer,Conservative,Elected in after the resignation of Mike Hill in 2021,,
Hartlepool,Labour,Mike Hill,Labour,Seat held. Resigned in 2021,none,none
Hemel Hempstead,Conservative,Mike Penning,Conservative,Seat held,none,none
Penistone and Stocksbridge,Liberal Democrats[g],Miriam Cates,Conservative,"Previous incumbent, Angela Smith, did not stand",none,none
Bedford,Labour,Mohammad Yasin,Labour,Seat held,YasinForBedford,
Twickenham,Liberal Democrats,Munira Wilson,Liberal Democrats,"Previous incumbent, Vince Cable, did not stand",munirawilson,
Pendle,Conservative,Andrew Stephenson,Conservative,Seat held,Andrew4Pendle,131517399
Nottingham East,Change UK[f],Nadia Whittome,Labour,"Defeated incumbent, Chris Leslie",NadiaWhittomeMP,
Bradford West,Labour,Naseem Shah,Labour,Seat held,nazshahbfd,
Perth and North Perthshire,Scottish National,Pete Wishart,Scottish National,Seat held,PeteWishart,276868661
Dover,Independent[h],Natalie Elphicke,Conservative,"Previous incumbent, Charlie Elphicke, did not stand",NatalieElphicke,
Plymouth Moor View,Conservative,Johnny Mercer,Conservative,Seat held,JohnnyMercerUK,97402576
Plymouth Sutton and Devonport,Labour Co-operative,Luke Pollard,Labour Co-operative,Seat held,LukePollard,10955042
Stockport,Change UK[g],Navendu Mishra,Labour,"Previous incumbent, Ann Coffey, did not stand",NavPMishra,
Poole,Conservative,Robert Syms,Conservative,Seat held,RobertSyms,2202981242
Kirkcaldy and Cowdenbeath,Labour,Neale Hanvey,Scottish National[k],"Defeated incumbent, Lesley Laird",JNHanvey,
Portsmouth North,Conservative,Penny Mordaunt,Conservative,Seat held,PennyMordaunt,462856853
Portsmouth South,Labour,Stephen Morgan,Labour,Seat held,StephenMorganMP,24045870
Preseli Pembrokeshire,Conservative,Stephen Crabb,Conservative,Seat held,SCrabbPembs,810372954
Preston,Labour Co-operative,Mark Hendrick,Labour Co-operative,Seat held,MpHendrick,1302003805
Pudsey,Conservative,Stuart Andrew,Conservative,Seat held,StuartAndrew,20424362
Penrith and The Border,Independent[h],Neil Hudson,Conservative,"Previous incumbent, Rory Stewart, did not stand",DrNeilHudson,
Tiverton and Honiton,Conservative,Richard Foord,Liberal Democrats,Elected after Neil Parish resigned in 2022.,RichardFoordLD,
Tiverton and Honiton,Conservative,Neil Parish,Conservative,Seat held,none,none
Reading East,Labour,Matt Rodda,Labour,Seat held,MattRodda,216516145
Reading West,Conservative,Alok Sharma,Conservative,Seat held,AlokSharma_RDG,1731554581
Don Valley,Labour,Nicholas Fletcher,Conservative,"Defeated incumbent, Caroline Flint",NickFletcherMP,
Redditch,Conservative,Rachel Maclean,Conservative,Seat held,redditchrachel,8.60897E+17
Reigate,Conservative,Crispin Blunt,Conservative,Seat held,CrispinBlunt,76579281
Rhondda,Labour,Chris Bryant,Labour,Seat held,RhonddaBryant,20995648
Ribble Valley,Conservative,Nigel Evans,Conservative,Seat held,nigelmp,9260332
Newcastle upon Tyne East,Labour,Nick Brown,Labour,Seat held,none,none
Cities of London and Westminster,Conservative,Nickie Aiken,Conservative,"Previous incumbent, Mark Field, did not stand",twocitiesnickie,
Rochdale,Labour,Tony Lloyd,Labour,Seat held,tony4rochdale,23452834
Rochester and Strood,Conservative,Kelly Tolhurst,Conservative,Seat held,KellyTolhurst,218789670
Rochford and Southend East,Conservative,James Duddridge,Conservative,Seat held,JamesDuddridge,124170781
Romford,Conservative,Andrew Rosindell,Conservative,Seat held,AndrewRosindell,20132840
Romsey and Southampton North,Conservative,Caroline Nokes,Conservative,Seat held,carolinenokes,209029473
West Bromwich East,Labour,Nicola Richards,Conservative,"Previous incumbent, Tom Watson, did not stand",Nicola4WBE,
Rossendale and Darwen,Conservative,Jake Berry,Conservative,Seat held,JakeBerry,217148014
Selby and Ainsty,Conservative,Nigel Adams,Conservative,Seat held,nadams,
Rotherham,Labour,Sarah Champion,Labour,Seat held,SarahChampionMP,948015937
Rugby,Conservative,Mark Pawsey,Conservative,Seat held,MarkPawsey,52412027
Wealden,Conservative,Nusrat Ghani,Conservative,Seat held,nus_ghani,
Hertsmere,Conservative,Oliver Dowden,Conservative,Seat held,OliverDowden,
Sheffield Hallam,Independent[g],Olivia Blake,Labour,"Previous incumbent, Jared O'Mara, did not stand",_oliviablake,
Midlothian,Labour,Owen Thompson,Scottish National,"Defeated incumbent, Danielle Rowley",OwenThompson,
Mole Valley,Conservative,Paul Beresford,Conservative,Seat held,none,none
Saffron Walden,Conservative,Kemi Badenoch,Conservative,Seat held,KemiBadenoch,4010545737
Salford and Eccles,Labour,Rebecca Long-Bailey,Labour,Seat held,RLong_Bailey,385306338
Salisbury,Conservative,John Glen,Conservative,Seat held,JohnGlenUK,36664451
Peterborough,Labour,Paul Bristow,Conservative,"Defeated incumbent, Lisa Forbes",paulbristow79,
South Antrim,DUP,Paul Girvan,DUP,Seat held,PaulGirvanMP,
Eastleigh,Conservative,Paul Holmes,Conservative,"Previous incumbent, Mims Davies, stood for Mid Sussex",pauljholmes,
Sefton Central,Labour,Bill Esterson,Labour,Seat held,Bill_Esterson,120720108
Sedgefield,Labour,Paul Howell,Conservative,"Defeated incumbent, Phil Wilson",PaulHowellMP,
Liverpool Wavertree,Liberal Democrats[f],Paula Barker,Labour,"Previous incumbent, Luciana Berger, did not stand",PaulaBarkerMP,
Sheffield Central,Labour,Paul Blomfield,Labour,Seat held,PaulBlomfieldMP,377319290
Darlington,Labour,Peter Gibson,Conservative,"Defeated incumbent, Jenny Chapman",gibbo4darlo,
Kettering,Conservative,Philip Hollobone,Conservative,Seat held,none,none
Birmingham Edgbaston,Labour Co-operative,Preet Gill,Labour Co-operative,Seat held,PreetKGillMP,
Sheffield Heeley,Labour,Louise Haigh,Labour,Seat held,LouHaigh,143508762
Sherwood,Conservative,Mark Spencer,Conservative,Seat held,Mark_Spencer,154943205
Shipley,Conservative,Philip Davies,Conservative,Seat held,PhilipDaviesUK,125312818
York Central,Labour Co-operative,Rachael Maskell,Labour Co-operative,Seat held,rachaelmaskell,
Luton South,Independent (The Independents)[f],Rachel Hopkins,Labour,"Defeated incumbent, Gavin Shuker",rach_hopkins,
Skipton and Ripon,Conservative,Julian Smith,Conservative,Seat held,JulianSmithUK,728039018
Sleaford and North Hykeham,Conservative,Caroline Johnson,Conservative,Seat held,drcarolinej,7.97022E+17
North East Hampshire,Conservative,Ranil Jayawardena,Conservative,Seat held,ranil,
Solihull,Conservative,Julian Knight,Conservative,Seat held,julianknight15,1271714653
Castle Point,Conservative,Rebecca Harris,Conservative,Seat held,RebeccaHarrisMP,
South Norfolk,Conservative,Richard Bacon,Conservative,Seat held,richardbaconmp,
South Basildon and East Thurrock,Conservative,Stephen Metcalfe,Conservative,Seat held,Metcalfe_SBET,435980092
South Dorset,Conservative,Richard Drax,Conservative,Seat held,none,none
South Derbyshire,Conservative,Heather Wheeler,Conservative,Seat held,HeatherWheeler,21744895
North East Bedfordshire,Conservative,Richard Fuller,Conservative,"Previous incumbent, Alistair Burt, did not stand",none,none
South Down,Sinn FÃ©in,Chris Hazzard,Sinn FÃ©in,Seat held,ChrisHazzardSF,349075382
South East Cambridgeshire,Conservative,Lucy Frazer,Conservative,Seat held,lucyfrazermp,3823970661
South East Cornwall,Conservative,Sheryll Murray,Conservative,Seat held,sheryllmurray,18627119
North West Durham,Labour,Richard Holden,Conservative,"Defeated incumbent, Laura Pidcock",RicHolden,
South Leicestershire,Conservative,Alberto Costa,Conservative,Seat held,AlbertoCostaMP,3005893073
Gordon,Conservative,Richard Thomson,Scottish National,"Defeated incumbent, Colin Clark",rthomsonmp,
South Northamptonshire,Conservative,Andrea Leadsom,Conservative,Seat held,andrealeadsom,38281180
Richmond (Yorks),Conservative,Rishi Sunak,Conservative,Seat held,RishiSunak,
South Shields,Labour,Emma Lewell-Buck,Labour,Seat held,EmmaLewellBuck,737066858
South Staffordshire,Conservative,Gavin Williamson,Conservative,Seat held,GavinWilliamson,368314502
Aylesbury,Conservative,Rob Butler,Conservative,"Previous incumbent, David Lidington, did not stand",RobBAylesbury,
South Swindon,Conservative,Robert Buckland,Conservative,Seat held,RobertBuckland,14284260
South Thanet,Conservative,Craig Mackinlay,Conservative,Seat held,cmackinlay,185790986
South West Bedfordshire,Conservative,Andrew Selous,Conservative,Seat held,AndrewSelous,90646214
Delyn,Labour,Rob Roberts,Conservative,"Defeated incumbent, David Hanson",none,none
Keighley,Labour,Robbie Moore,Conservative,"Defeated incumbent, John Grogan",_RobbieMoore,
Scarborough and Whitby,Conservative,Robert Goodwill,Conservative,Seat held,none,none
South West Surrey,Conservative,Jeremy Hunt,Conservative,Seat held,Jeremy_Hunt,112398730
South West Wiltshire,Conservative,Andrew Murrison,Conservative,Seat held,AWMurrison,759067032
Southampton Itchen,Conservative,Royston Smith,Conservative,Seat held,Royston_Smith,75562171
Southampton Test,Labour,Alan Whitehead,Labour,Seat held,alanwhiteheadmp,389443487
Harlow,Conservative,Robert Halfon,Conservative,Seat held,halfon4harlowMP,
High Peak,Labour,Robert Largan,Conservative,"Defeated incumbent, Ruth George",robertlargan,
Spelthorne,Conservative,Kwasi Kwarteng,Conservative,Seat held,KwasiKwarteng,7.07968E+17
Aberconwy,Conservative,Robin Millar,Conservative,"Previous incumbent, Guto Bebb, did not stand",RobinMillarMP,
St Austell and Newquay,Conservative,Steve Double,Conservative,Seat held,stevedouble,21174263
St Helens North,Labour,Conor McGinn,Labour,Seat held,ConorMcGinn,36158689
St Helens South and Whiston,Labour,Marie Rimmer,Labour,Seat held,MarieRimmer,2350948635
St Ives,Conservative,Derek Thomas,Conservative,Seat held,DerekThomasUK,3252801106
North Thanet,Conservative,Roger Gale,Conservative,Seat held,SirRogerGale,
Canterbury,Labour,Rosie Duffield,Labour,Seat held,RosieDuffield1,
Stalybridge and Hyde,Labour Co-operative,Jonathan Reynolds,Labour Co-operative,Seat held,jreynoldsMP,18632946
Stevenage,Conservative,Stephen McPartland,Conservative,Seat held,SMcPartland,397160160
Doncaster Central,Labour,Rosie Winterton,Labour,Seat held,none,none
Bethnal Green and Bow,Labour,Rushanara Ali,Labour,Seat held,rushanaraali,
Stockton North,Labour,Alex Cunningham,Labour,Seat held,ACunninghamMP,143739561
Brentford and Isleworth,Labour,Ruth Cadbury,Labour,Seat held,RuthCadbury,
Rushcliffe,Independent[h],Ruth Edwards,Conservative,"Previous incumbent, Ken Clarke, did not stand",none,none
Newport West,Labour,Ruth Jones,Labour,Seat held,RuthNewportWest,
Hastings and Rye,Independent[h],Sally-Ann Hart,Conservative,"Previous incumbent, Amber Rudd, did not stand",sallyann1066,
Stone,Conservative,Bill Cash,Conservative,Seat held,BillCashMP,100520303
Ilford South,Change UK[f],Sam Tarry,Labour,"Defeated incumbent, Mike Gapes",SamTarry,
East Antrim,DUP,Sammy Wilson,DUP,Seat held,eastantrimmp,
Stratford-on-Avon,Conservative,Nadhim Zahawi,Conservative,Seat held,nadhimzahawi,121127090
Meriden,Conservative,Saqib Bhatti,Conservative,"Previous incumbent, Caroline Spelman, did not stand",bhatti_saqib,
Hyndburn,Labour,Sara Britcliffe,Conservative,"Defeated incumbent, Graham Jones",SarBritcliffeMP,
Wrexham,Labour,Sarah Atherton,Conservative,"Previous incumbent, Ian Lucas, did not stand",none,none
Derbyshire Dales,Conservative,Sarah Dines,Conservative,"Previous incumbent, Patrick McLoughlin, did not stand",Dines4Dales,
Sunderland Central,Labour,Julie Elliott,Labour,Seat held,JulieElliottMP,776022362
Surrey Heath,Conservative,Michael Gove,Conservative,Seat held,michaelgove,7.48454E+17
Sutton and Cheam,Conservative,Paul Scully,Conservative,Seat held,scullyp,17484283
Richmond Park,Conservative,Sarah Olney,Liberal Democrats,"Defeated incumbent, Zac Goldsmith",sarahjolney1,
Swansea East,Labour,Carolyn Harris,Labour,Seat held,carolynharris24,2406093795
Swansea West,Labour Co-operative,Geraint Davies,Labour Co-operative,Seat held,GeraintDaviesMP,144791011
Tamworth,Conservative,Christopher Pincher,Conservative,Seat held,ChrisPincher,166598394
Tatton,Conservative,Esther McVey,Conservative,Seat held,EstherMcVey1,7.615E+17
Taunton Deane,Conservative,Rebecca Pow,Conservative,Seat held,pow_rebecca,371201577
Telford,Conservative,Lucy Allan,Conservative,Seat held,lucyallan,16134235
Tewkesbury,Conservative,Laurence Robertson,Conservative,Seat held,lrobertsonTewks,2795272097
Luton North,Independent[g],Sarah Owen,Labour,"Previous incumbent, Kelvin Hopkins, did not stand",SarahOwen_,
The Wrekin,Conservative,Mark Pritchard,Conservative,Seat held,MPritchardUK,804596460
Thirsk and Malton,Conservative,Kevin Hollinrake,Conservative,Seat held,kevinhollinrake,49619469
Thornbury and Yate,Conservative,Luke Hall,Conservative,Seat held,LukeHall,4490851456
Thurrock,Conservative,Jackie Doyle-Price,Conservative,Seat held,JackieDP,38671387
Blackpool South,Labour,Scott Benton,Conservative,"Defeated incumbent, Gordon Marsden",ScottBentonMP,
Feltham and Heston,Labour Co-operative,Seema Malhotra,Labour Co-operative,Seat held,SeemaMalhotra1,
Tooting,Labour,Rosena Allin-Khan,Labour,Seat held,DrRosena,2382227424
Torbay,Conservative,Kevin Foster,Conservative,Seat held,kevin_j_foster,43865757
Torfaen,Labour,Nick Thomas-Symonds,Labour,Seat held,NickTorfaen,3092429597
North Devon,Conservative,Selaine Saxby,Conservative,"Previous incumbent, Peter Heaton-Jones, did not stand",SelaineSaxby,
North West Cambridgeshire,Conservative,Shailesh Vara,Conservative,Seat held,ShaileshVara,
Tottenham,Labour,David Lammy,Labour,Seat held,DavidLammy,18020612
Washington and Sunderland West,Labour,Sharon Hodgson,Labour,Seat held,SharonHodgsonMP,
Tunbridge Wells,Conservative,Greg Clark,Conservative,Seat held,GregClarkMP,224655400
West Bromwich West,Labour Co-operative,Shaun Bailey,Conservative,"Previous incumbent, Adrian Bailey, did not stand",shaun4wbw,
Tynemouth,Labour,Alan Campbell,Labour,Seat held,alancampbellmp,2601366250
Clwyd South,Labour,Simon Baynes,Conservative,"Defeated incumbent, Susan Elan Jones",baynes_simon,
Uxbridge and South Ruislip,Conservative,Boris Johnson,Conservative,Seat held,BorisJohnson,3131144855
Barrow and Furness,Independent (The Independents)[f],Simon Fell,Conservative,"Previous incumbent, John Woodcock, did not stand",simonfell,
Vale of Glamorgan,Conservative,Alun Cairns,Conservative,Seat held,AlunCairns,76650839
East Devon,Conservative,Simon Jupp,Conservative,"Previous incumbent, Hugo Swire, did not stand",simonjamesjupp,
Stroud,Labour Co-operative,Siobhan Baillie,Conservative,"Defeated incumbent, David Drew",Siobhan_Baillie,
Walsall North,Conservative,Eddie Hughes,Conservative,Seat held,EddieHughes,23951776
Walsall South,Labour,Valerie Vaz,Labour,Seat held,Valerie_VazMP,315283542
Walthamstow,Labour Co-operative,Stella Creasy,Labour Co-operative,Seat held,stellacreasy,
Wansbeck,Labour,Ian Lavery,Labour,Seat held,IanLaveryMP,300872531
North Down,Independent,Stephen Farry,Alliance,"Previous incumbent, Sylvia Hermon, did not stand",StephenFarryMP,
Warley,Labour,John Spellar,Labour,Seat held,spellar,21736214
Aberdeen South,Conservative,Stephen Flynn,Scottish National,"Previous incumbent, Ross Thomson, did not stand",StephenFlynnSNP,
Wycombe,Conservative,Steven Baker,Conservative,Seat held,stevebakerhw,
"Coatbridge, Chryston and Bellshill",Labour,Steven Bonnar,Scottish National,"Defeated incumbent, Hugh Gaffney",StevenBonnarSNP,
Wolverhampton South West,Labour,Stuart Anderson,Conservative,"Defeated incumbent, Eleanor Smith",Stuart4WolvesSW,
Stourbridge,Conservative,Suzanne Webb,Conservative,"Previous incumbent, Margot James, did not stand",Q66Suzi,
Waveney,Conservative,Peter Aldous,Conservative,Seat held,peter_aldous,255998767
Birmingham Hall Green,Labour,Tahir Ali,Labour,"Defeated incumbent, Roger Godsiff",TahirAliMP,
Weaver Vale,Labour,Mike Amesbury,Labour,Seat held,MikeAmesburyMP,20325923
Wellingborough,Conservative,Peter Bone,Conservative,Seat held,PeterBoneUK,871469846
Wells,Conservative,James Heappey,Conservative,Seat held,JSHeappey,446633079
Welwyn Hatfield,Conservative,Grant Shapps,Conservative,Seat held,grantshapps,14104027
Wentworth and Dearne,Labour,John Healey,Labour,Seat held,JohnHealey_MP,376161322
Coventry North West,Labour,Taiwo Owatemi,Labour,"Previous incumbent, Geoffrey Robinson, did not stand",TaiwoOwatemi,
Slough,Labour,Tanmanjeet Dhesi,Labour,Seat held,TanDhesi,
Bristol West,Labour,Thangam Debbonaire,Labour,Seat held,thangammp,
Stafford,Conservative,Theo Clarke,Conservative,"Previous incumbent, Jeremy Lefroy, did not stand",theodoraclarke,
Chipping Barnet,Conservative,Theresa Villiers,Conservative,Seat held,none,none
Suffolk Coastal,Conservative,Therese Coffey,Conservative,Seat held,theresecoffey,
West Lancashire,Labour,Rosie Cooper,Labour,Seat held,rosie4westlancs,110767433
Tonbridge and Malling,Conservative,Thomas Tugendhat,Conservative,Seat held,tomtugendhat,
East Worthing and Shoreham,Conservative,Tim Loughton,Conservative,Seat held,timloughton,
West Worcestershire,Conservative,Harriett Baldwin,Conservative,Seat held,hbaldwin,19177609
Westminster North,Labour,Karen Buck,Labour,Seat held,KarenPBuckMP,259215762
Westmorland and Lonsdale,Liberal Democrats,Tim Farron,Liberal Democrats,Seat held,timfarron,80021045
Weston-Super-Mare,Conservative,John Penrose,Conservative,Seat held,JohnPenroseNews,158315486
Wigan,Labour,Lisa Nandy,Labour,Seat held,lisanandy,94701778
Wimbledon,Conservative,Stephen Hammond,Conservative,Seat held,S_Hammond,47916280
Winchester,Conservative,Steve Brine,Conservative,Seat held,BrineMP,11564602
Windsor,Conservative,Adam Afriyie,Conservative,Seat held,AdamAfriyie,22031058
Wirral South,Labour,Alison McGovern,Labour,Seat held,Alison_McGovern,21713090
Wirral West,Labour,Margaret Greenwood,Labour,Seat held,MGreenwoodWW,1464467370
Witham,Conservative,Priti Patel,Conservative,Seat held,pritipatel,61660254
Witney,Conservative,Robert Courts,Conservative,Seat held,robertcourts,20238327
Ipswich,Labour,Tom Hunt,Conservative,"Defeated incumbent, Sandy Martin",tomhunt1988,
Wokingham,Conservative,John Redwood,Conservative,Seat held,johnredwood,93880122
Gedling,Labour,Tom Randall,Conservative,"Defeated incumbent, Vernon Coaker",tom_randall,
Wolverhampton South East,Labour,Pat McFadden,Labour,Seat held,patmcfaddenmp,25091518
Gower,Labour,Tonia Antoniazzi,Labour,Seat held,ToniaAntoniazzi,
Worcester,Conservative,Robin Walker,Conservative,Seat held,WalkerWorcester,1978270322
Batley and Spen,Labour Co-operative,Kim Leadbeater,Labour,Elected when Tracy Brabin stood down in 2021.,kimleadbeater,
Batley and Spen,Labour Co-operative,Tracy Brabin,Labour Co-operative,Seat held. Stood down to run for another position in 2021.,TracyBrabin,
Copeland,Conservative,Trudy Harrison,Conservative,Seat held,none,none
Worthing West,Conservative,Peter Bottomley,Conservative,Seat held,PBottomleyMP,110405901
Lewisham Deptford,Labour,Vicky Foxcroft,Labour,Seat held,vickyfoxcroft,
Louth and Horncastle,Conservative,Victoria Atkins,Conservative,Seat held,none,none
Ynys MÃ´n,Labour,Virginia Crosbie,Conservative,"Previous incumbent, Albert Owen, did not stand",none,none
Wyre Forest,Conservative,Mark Garnier,Conservative,Seat held,Mark4WyreForest,20226550
Wythenshawe and Sale East,Labour,Mike Kane,Labour,Seat held,MikeKaneMP,71777646
Yeovil,Conservative,Marcus Fysh,Conservative,Seat held,MarcusFysh,1655569938
North East Fife,Scottish National,Wendy Chamberlain,Liberal Democrats,"Defeated incumbent, Stephen Gethins",wendychambld,
Bath,Liberal Democrats,Wera Hobhouse,Liberal Democrats,Seat held,Wera_Hobhouse,
Colchester,Conservative,Will Quince,Conservative,Seat held,willquince,
Coventry South,Labour,Zarah Sultana,Labour,"Previous incumbent, Jim Cunningham, did not stand",zarahsultana,